Player,box_prior,FIFA_prior,box_coef,box_rating,FIFA_coef,FIFA_rating
Ederson,0.14172200016723502,0.1541630893513739,-0.039339193183240376,0.10238280698399464,-0.045184422155116845,0.10897866719625707
João Cancelo,0.1452747226377904,0.11033816950134945,-0.03907937156578473,0.10619535107200567,-0.044399403507703376,0.06593876599364606
Rodri,0.13234798774206213,0.11033816950134945,-0.034692486789074654,0.09765550095298747,-0.03875096418338748,0.07158720531796198
Bernardo Silva,0.11914563752733898,0.11033816950134945,-0.03513825189742337,0.08400738562991561,-0.040845849338239336,0.0694923201631101
Aymeric Laporte,0.12410246841782024,0.11033816950134945,-0.03479966634996149,0.08930280206785876,-0.040021216814145215,0.07031695268720423
Rúben Dias,0.12840868700824792,0.12494647611802412,-0.02916435518024054,0.09924433182800738,-0.03385017359165376,0.09109630252637035
Kevin De Bruyne,0.11913611250913592,0.18337970258472347,-0.026656992677154902,0.09247911983198101,-0.03121629552065256,0.15216340706407092
Phil Foden,0.12944459002600772,0.08112155626799966,-0.026541066615520432,0.1029035234104873,-0.03092029020705887,0.05020126606094079
Raheem Sterling,0.11980273426330301,0.139554782734699,-0.025900432837493426,0.09390230142580959,-0.029286059942800712,0.1102687227918983
Jack Grealish,0.11028048388597145,0.08112155626799966,-0.023442654699344527,0.08683782918662691,-0.026673961926368388,0.054447594341631274
Gabriel Jesus,0.11510281042767989,0.06651324965132499,-0.020810222583289042,0.09429258784439085,-0.022487388295048826,0.04402586135627616
İlkay Gündoğan,0.1361339241319941,0.09572986288467455,-0.02190319170505485,0.11423073242693925,-0.023908505299095946,0.07182135758557862
Kyle Walker,0.0649332498554065,0.09572986288467455,-0.019537047634765294,0.045396202220641196,-0.02178688369509486,0.07394297918957969
Riyad Mahrez,0.07477742641411589,0.11033816950134945,-0.016881235021418067,0.05789619139269782,-0.021546974234822196,0.08879119526652725
John Stones,0.0298124687058825,0.06651324965132499,-0.014813857504498313,0.014998611201384187,-0.01708863162220251,0.04942461802912248
Oleksandr Zinchenko,0.08637551944353561,0.022688329801300533,-0.009466595776905045,0.07690892366663056,-0.010462130632312557,0.012226199168987976
Fernandinho,0.0490068648977926,0.06651324965132499,-0.009847282504418766,0.03915958239337383,-0.011952244135323208,0.05456100551600178
Nathan Aké,0.03807415946057002,-0.006528283432049031,-0.011991914637718322,0.0260822448228517,-0.014210632700437195,-0.020738916132486226
Ferrán Torres,-0.0011652284890995013,-0.005407882334605096,-0.003087376552061198,-0.004252605041160699,-0.002804957656078943,-0.00821283999068404
Cole Palmer,-0.0011652284890995013,-0.005407882334605096,-0.0010512981416154568,-0.002216526630714958,-9.2451763925242e-4,-0.006332399973857516
Zack Steffen,-0.0011652284890995013,-0.005407882334605096,-0.0012163177145390548,-0.002381546203638556,-0.0012165048439844268,-0.006624387178589523
Benjamin Mendy,-0.0011652284890995013,-0.005407882334605096,-6.738366505943374e-4,-0.0018390651396938387,-6.797949159262119e-4,-0.006087677250531308
James Mcatee,-0.0011652284890995013,-0.005407882334605096,9.315994761349738e-6,-0.0011559124943381516,9.157089537007175e-6,-0.005398725245068089
Liam Delap,-0.0011652284890995013,-0.005407882334605096,5.461880183246494e-5,-0.0011106096872670363,6.067404832381e-5,-0.005347208286281286
Kayky Chagas,-0.0011652284890995013,-0.005407882334605096,6.0076737390827576e-5,-0.0011051517517086738,6.822670152661107e-5,-0.005339655633078485
CJ Egan-Riley,-0.0011652284890995013,-0.005407882334605096,4.568538213115194e-5,-0.0011195431069683493,5.6564324197597535e-5,-0.0053513180104074985
Scott Carson,-0.0011652284890995013,-0.005407882334605096,NA,NA,NA,NA
Thomas Doyle,-0.0011652284890995013,-0.005407882334605096,NA,NA,NA,NA
Samuel Edozie,-0.0011652284890995013,-0.005407882334605096,NA,NA,NA,NA
Roméo Lavia,-0.0011652284890995013,-0.005407882334605096,NA,NA,NA,NA
Luke Mbete-Tatu,-0.0011652284890995013,-0.005407882334605096,NA,NA,NA,NA
Cieran Slicker,-0.0011652284890995013,-0.005407882334605096,NA,NA,NA,NA
Josh Wilson-Esbrand,-0.0011652284890995013,-0.005407882334605096,NA,NA,NA,NA
Alisson,0.12893078888077047,0.1541630893513739,-0.025960351411870024,0.10297043746890044,-0.040763611499710584,0.11339947785166332
Virgil van Dijk,0.06423772852328691,0.1541630893513739,-0.02447278088889784,0.039764947634389064,-0.039001019713435434,0.11516206963793847
Trent Alexander-Arnold,0.10202102711771444,0.12494647611802412,-0.022892495439482137,0.0791285316782323,-0.03525916602036234,0.08968731009766179
Sadio Mané,0.134538853640084,0.1541630893513739,-0.022352604909917265,0.11218624873016673,-0.03462841332413568,0.11953467602723822
Joël Matip,0.06701999497094091,0.06651324965132499,-0.023359225345703543,0.043660769625237364,-0.035354167620567825,0.031159082030757165
Mohamed Salah,0.17072736521000387,0.1541630893513739,-0.020983220541841784,0.14974414466816208,-0.032413974493571,0.1217491148578029
Jordan Henderson,0.05648509335883034,0.08112155626799966,-0.02016268407967953,0.036322409279150814,-0.03250998605151338,0.04861157021648628
Andrew Robertson,0.0868678259051805,0.12494647611802412,-0.019698579832988103,0.06716924607219239,-0.03146198170234859,0.09348449441567552
Diogo Jota,0.09853966869632114,0.0519049430346501,-0.018602427943576947,0.079937240752744193,-0.02891961886418451,0.022985324170465588
Fabinho,0.038967022615920666,0.11033816950134945,-0.018002643686500452,0.020964378929420213,-0.030379224778957336,0.07995894472239211
Thiago Alcántara,0.09405220727675823,0.11033816950134945,-0.013865905794663253,0.08018630148209498,-0.02119262392348016,0.08914554557786929
Naby Keïta,0.025777658843072704,0.022688329801300533,-0.010292398120279092,0.015485260722793612,-0.013642222017055386,0.009046107784245147
Ibrahima Konaté,-0.016319308543843336,-0.006528283432049031,-0.00538097945522436,-0.021700287999067695,-0.00922505370752386,-0.01575333713957289
Luis Díaz,0.10048490965632184,0.022688329801300533,-0.007711580301313097,0.09277332935500875,-0.011842846700341284,0.01084548310095925
Roberto Firmino,0.1022985467465165,0.09572986288467455,-0.0070848584980632914,0.09521368824845322,-0.01127226369656125,0.0844575991881133
Curtis Jones,-0.0011652284890995013,-0.005407882334605096,-0.005299674555022057,-0.006464903044121558,-0.00992245338845555,-0.015330335723060647
Kostas Tsimikas,-0.0011652284890995013,-0.005407882334605096,-0.006878654427489823,-0.008043882916589324,-0.010291845894445891,-0.01569972822905099
James Milner,-0.0011652284890995013,-0.005407882334605096,-0.0037388483678404472,-0.004904076856939948,-0.006747547274035821,-0.012155429608640918
Alex Oxlade-Chamberlain,-0.0011652284890995013,-0.005407882334605096,-0.00839359832739545,-0.009558826816494951,-0.013924293953709893,-0.01933217628831499
Harvey Elliott,-0.0011652284890995013,-0.005407882334605096,-0.0022765607658025533,-0.0034417892549020545,-0.0028707680816599467,-0.008278650416265044
Joe Gomez,-0.0011652284890995013,-0.005407882334605096,-0.003236562971800975,-0.004401791460900476,-0.004592737619961223,-0.01000061995456632
Caoimhín Kelleher,-0.0011652284890995013,-0.005407882334605096,-6.461447477966176e-4,-0.0018113732368961188,-0.001026517796421445,-0.006434400131026542
Takumi Minamino,-0.0011652284890995013,-0.005407882334605096,-7.11339540547862e-4,-0.0018765680296473632,-0.0013197345135915529,-0.006727616848196649
Tyler Morton,-0.0011652284890995013,-0.005407882334605096,-3.2131983494088995e-4,-0.0014865483240403912,-4.995923799809779e-4,-0.005907474714586075
Divock Origi,-0.0011652284890995013,-0.005407882334605096,-2.5241333823187556e-4,-0.0014176418273313769,-4.305743741464327e-4,-0.005838456708751529
Kaide Gordon,-0.0011652284890995013,-0.005407882334605096,-5.278491064923354e-5,-0.0012180133997487348,-1.4146775269066535e-4,-0.0055493500872957615
Neco Williams,-0.0011652284890995013,-0.005407882334605096,-2.6151176427866797e-5,-0.001191379665527368,-3.7610367715610755e-5,-0.005445492702320707
Adrián,-0.0011652284890995013,-0.005407882334605096,NA,NA,NA,NA
Owen Beck,-0.0011652284890995013,-0.005407882334605096,NA,NA,NA,NA
Conor Bradley,-0.0011652284890995013,-0.005407882334605096,NA,NA,NA,NA
Nathaniel Phillips,-0.0011652284890995013,-0.005407882334605096,NA,NA,NA,NA
Marcelo Pitaluga,-0.0011652284890995013,-0.005407882334605096,NA,NA,NA,NA
Jarrell Quansah,-0.0011652284890995013,-0.005407882334605096,NA,NA,NA,NA
Rhys Williams,-0.0011652284890995013,-0.005407882334605096,NA,NA,NA,NA
Ben Woodburn,-0.0011652284890995013,-0.005407882334605096,NA,NA,NA,NA
Edouard Mendy,0.07637921536076275,0.06651324965132499,-0.02040340025811041,0.05597581510265234,-0.028095163748252158,0.03841808590307283
Antonio Rüdiger,0.07332902129550356,0.06651324965132499,-0.017123485078359767,0.05620553621714379,-0.024749302084303794,0.0417639475670212
Thiago Silva,0.046678822763258854,0.09572986288467455,-0.015571175801984596,0.031107646961274257,-0.02240468779485895,0.0733251750898156
Mason Mount,0.08762041322593928,0.06651324965132499,-0.015139071788296918,0.07248134143764236,-0.021068847613266887,0.04544440203805811
Jorginho,0.06280287351829439,0.09572986288467455,-0.014484569139850694,0.04831830437844369,-0.01871078915321804,0.07701907373145651
Marcos Alonso,0.037129403136801464,0.00808002318462564,-0.009697388203620191,0.027432014933181273,-0.014333607482419235,-0.006253584297793595
César Azpilicueta,0.045555157102855626,0.06651324965132499,-0.009762863540342791,0.03579229356251283,-0.01770273969713476,0.04881050995419023
Reece James,0.13007227050278525,0.037296636417975426,-0.013206031994125329,0.11686623850865992,-0.014675155791613426,0.022621480626362
Kai Havertz,0.075615345225573,0.08112155626799966,-0.014440954251694546,0.06117439097387846,-0.019606521758918014,0.06151503450908165
N'Golo Kanté,0.06892357931260551,0.16877139596804858,-0.01006892966424016,0.05885464964836535,-0.016829795486144435,0.15194160048190414
Andreas Christensen,0.0149315697633845,0.022688329801300533,-0.00778848015051734,0.00714308961286716,-0.012940949429666048,0.009747380371634485
Trevoh Chalobah,0.06616489634490685,-0.07956981651542328,-0.010134320987133263,0.05603057535777359,-0.012511002766233154,-0.09208081928165643
Romelu Lukaku,-0.0016896238545187625,0.139554782734699,-0.003502901945231494,-0.005192525799750256,-0.010550485668176804,0.12900429706652222
Mateo Kovačić,0.0623785229072531,0.06651324965132499,-0.003945190153375866,0.05843333275387723,-0.009250477313495313,0.05726277233782968
Timo Werner,0.009819260468868052,0.08112155626799966,-0.00900397377668715,8.152866921809013e-4,-0.013006927937417527,0.06811462833058213
Hakim Ziyech,0.04121712766742891,0.08112155626799966,-0.009013672622730827,0.032203455044698084,-0.014458971905173017,0.06666258436282664
Ruben Loftus-Cheek,0.03904269485281553,-0.05035320328207349,-0.009992705593752767,0.029049989259062763,-0.013531326709124781,-0.06388452999119827
Christian Pulisic,-0.011347132679213168,0.0519049430346501,-0.006564030066767367,-0.017911162745980536,-0.010563809300647212,0.04134113373400289
Callum Hudson-Odoi,0.002483244842199861,-0.021136590048723924,-0.005855644967737147,-0.0033724001255372857,-0.007404776069092528,-0.028541366117816453
Malang Sarr,-0.0011652284890995013,-0.005407882334605096,-0.002026854474576592,-0.003192082963676093,-0.006105132354306979,-0.011513014688912075
Ben Chilwell,-0.0011652284890995013,-0.005407882334605096,-0.004129493883914484,-0.005294722373013985,-0.0055323270226128405,-0.010940209357217937
Saúl Ñíguez,-0.0011652284890995013,-0.005407882334605096,-0.003967283255900424,-0.005132511744999926,-0.00517412293103652,-0.010582005265641617
Kepa Arrizabalaga,-0.0011652284890995013,-0.005407882334605096,7.273995127636063e-4,-4.3782897633589497e-4,-0.0011727085277458995,-0.006580590862350996
Ross Barkley,-0.0011652284890995013,-0.005407882334605096,-7.806644909013002e-4,-0.0019458929800008015,-6.362153625922545e-4,-0.006044097697197351
Kenedy,-0.0011652284890995013,-0.005407882334605096,-6.988164873243779e-4,-0.0018640449764238793,-0.0011143203089267809,-0.0065222026435318775
Emerson Palmieri,-0.0011652284890995013,-0.005407882334605096,-3.095177976086859e-5,-0.0011961802688603698,-4.426739316119495e-5,-0.0054521497277662916
Tammy Abraham,-0.0011652284890995013,-0.005407882334605096,NA,NA,NA,NA
Marcus Bettinelli,-0.0011652284890995013,-0.005407882334605096,NA,NA,NA,NA
Lewis Hall,-0.0011652284890995013,-0.005407882334605096,NA,NA,NA,NA
Harvey Vale,-0.0011652284890995013,-0.005407882334605096,NA,NA,NA,NA
Kurt Zouma,-0.014227727750041108,0.037296636417975426,2.0353218273847057e-4,-0.014024195567302637,0.0010857638662699698,0.038382400284245395
Hugo Lloris,0.0839782168030192,0.12494647611802412,-0.017530789379041723,0.06644742742397748,-0.021130533642067868,0.10381594247595625
Harry Kane,0.12175045465147827,0.16877139596804858,-0.017735881865582354,0.10401457278589592,-0.021140863645536582,0.147630532322512
Pierre Højbjerg,0.06988372582211255,0.06651324965132499,-0.017286938368067706,0.05259678745404485,-0.020879149085358095,0.045634100565966895
Eric Dier,0.05057170345461248,0.00808002318462564,-0.01621006806288155,0.034361635391730934,-0.018802122774488124,-0.010722099589862484
Son Heung-min,0.12046826052993787,0.1541630893513739,-0.016670781605791888,0.10379747892414598,-0.020227202645481484,0.13393588670589243
Ben Davies,0.004596668435526974,-0.07956981651542328,-0.013992030736461651,-0.009395362300934677,-0.015110276482391626,-0.09468009299781491
Emerson,0.0047675566534226554,0.00808002318462564,-0.013112510580044666,-0.00834495392662201,-0.016300405071246454,-0.008220381886620814
Sergio Reguilón,0.0194779051340781,0.037296636417975426,-0.010519250256596885,0.008958654877481214,-0.01526238201210438,0.022034254405871048
Cristian Romero,0.020820796510977013,0.0519049430346501,-0.010236234195758264,0.01058456231521875,-0.010628977326402004,0.0412759657082481
Lucas Moura,5.002684431527626e-4,0.037296636417975426,-0.00975156877833867,-0.009251300335185907,-0.01377980909995489,0.023516827318020538
Davinson Sánchez,0.02529774431038123,0.00808002318462564,-0.0070349142573760725,0.01826283005300516,-0.009742575127269164,-0.001662551942643524
Rodrigo Bentancur,0.07996059083064488,-0.006528283432049031,-0.008227192945443912,0.07173339788520097,-0.008363405297360797,-0.014891688729409828
Oliver Skipp,-0.006323545573201139,-0.05035320328207349,-0.0065728890878741,-0.012896434661075238,-0.00991468762036696,-0.060267890902440446
Dejan Kulusevski,0.07520581097784063,0.037296636417975426,-0.007068334841083905,0.06813747613675672,-0.007053861294996231,0.030242775122979196
Ryan Sessegnon,-0.0024379908417020424,-0.05035320328207349,-0.005189141676896996,-0.007627132518599039,-0.004600540819388061,-0.054953744101461546
Japhet Tanganga,-0.0011652284890995013,-0.005407882334605096,-0.0027240693665115737,-0.003889297855611075,-0.004554038829096752,-0.00996192116370185
Harry Winks,0.004343441608348542,-0.021136590048723924,-0.003450586760556542,8.928548477919996e-4,-0.004293782395541086,-0.02543037244426501
Matt Doherty,-0.0011652284890995013,-0.005407882334605096,-0.003826215718090735,-0.004991444207190237,-0.003097887077177073,-0.008505769411782169
Dele Alli,-0.0011652284890995013,-0.005407882334605096,-9.543705962674914e-4,-0.0021195990853669928,-0.002783280377387581,-0.008191162711992678
Tanguy Ndombele,-0.0011652284890995013,-0.005407882334605096,-0.001779535861207758,-0.0029447643503072592,-0.0025134695802823577,-0.007921351914887454
Steven Bergwijn,-0.0011652284890995013,-0.005407882334605096,-0.0014628979692116212,-0.0026281264583111223,-0.0014687010911957885,-0.0068765834258008845
Giovani Lo Celso,-0.0011652284890995013,-0.005407882334605096,-1.6618385689399449e-4,-0.0013314123459934957,4.3989900308939094e-4,-0.004967983331515705
Bryan,-0.0011652284890995013,-0.005407882334605096,-1.501095508349913e-4,-0.0013153380399344927,-1.6204710947025246e-4,-0.005569929444075349
Joe Rodon,-0.0011652284890995013,-0.005407882334605096,-4.350450512229164e-4,-0.0016002735403224176,-9.916450960066043e-4,-0.006399527430611701
Dane Scarlett,-0.0011652284890995013,-0.005407882334605096,-3.4072393777352565e-5,-0.0011993008828768538,-4.311108996696103e-5,-0.0054509934245720575
Brandon Austin,-0.0011652284890995013,-0.005407882334605096,NA,NA,NA,NA
Jamie Bowden,-0.0011652284890995013,-0.005407882334605096,NA,NA,NA,NA
Matthew Craig,-0.0011652284890995013,-0.005407882334605096,NA,NA,NA,NA
Alfie Devine,-0.0011652284890995013,-0.005407882334605096,NA,NA,NA,NA
Pierluigi Gollini,-0.0011652284890995013,-0.005407882334605096,NA,NA,NA,NA
Marcel Lavinier,-0.0011652284890995013,-0.005407882334605096,NA,NA,NA,NA
Dilan Markanday,-0.0011652284890995013,-0.005407882334605096,NA,NA,NA,NA
Tobi Omole,-0.0011652284890995013,-0.005407882334605096,NA,NA,NA,NA
Moussa Sissoko,-0.010430916633712428,-0.006528283432049031,0.013753587543623684,0.0033226709099112555,0.021278661652343694,0.014750378220294662
Harvey White,-0.0011652284890995013,-0.005407882334605096,NA,NA,NA,NA
Bukayo Saka,0.05675618011043859,0.022688329801300533,-0.0014763380335462302,0.05527984207689236,0.002032120179912302,0.024720449981212835
Gabriel Dos Santos,0.039364176995956957,0.00808002318462564,-0.0018825229561856727,0.03748165403977129,0.0023975585768583963,0.010477581761484035
Aaron Ramsdale,0.006872119282788525,-0.06496150989874838,-0.0017141925838129422,0.0051579266989755825,0.002646075012108686,-0.062315434886639695
Ben White,0.0045020282323757765,-0.03574489666539882,-0.0020729592440064475,0.002429068988369329,8.206932175828167e-4,-0.034924203447816
Martin Ødegaard,0.03482435971314457,0.0519049430346501,-0.002448983125004801,0.03237537658813977,6.912365384795881e-4,0.05259617957312968
Granit Xhaka,0.024328693760360842,0.00808002318462564,9.959187434664584e-5,0.02442828563470749,0.0024066099374406903,0.01048663312206633
Thomas Partey,0.029734029968585984,0.06651324965132499,-2.7762589401077414e-4,0.02945640407457521,9.668739201849926e-4,0.06748012357150998
Kieran Tierney,-0.012879466124462002,0.022688329801300533,-7.591232533982022e-4,-0.013638589377860205,-0.001496318408092567,0.021192011393207966
Emile Smith Rowe,-0.004331847366440211,-0.03574489666539882,-6.448310647179814e-4,-0.0049766784311581925,0.001565691606409853,-0.034179205058988964
Martinelli,0.015207860042367738,-0.03574489666539882,-5.525613989910478e-4,0.01465529864337669,0.0028002737177810298,-0.03294462294761779
Alexandre Lacazette,-0.014245255709177673,0.0519049430346501,-2.2971382111183216e-4,-0.014474969530289506,0.001152003472474147,0.053056946507124246
Takehiro Tomiyasu,-0.030845939240284448,-0.05035320328207349,-1.330653810847426e-4,-0.03097900462136919,0.002655716415103513,-0.04769748686696998
Cédric Soares,-0.01970782273388516,-0.03574489666539882,2.472689545563446e-4,-0.019460553779328815,0.0017083448548566463,-0.03403655181054217
Nuno Tavares,-0.02329480233170589,-0.12339473636544773,-4.967592901714999e-4,-0.02379156162187739,0.004209011929927672,-0.11918572443552006
Albert Sambi Lokonga,-0.030449279504761728,-0.07956981651542328,-0.001481402064192051,-0.03193068156895378,-1.2828126256145676e-4,-0.07969809777798473
Pierre-Emerick Aubameyang,-0.019122976630966848,0.09572986288467455,-4.363033318748928e-5,-0.01916660696415434,0.0012419651081700684,0.09697182799284462
Rob Holding,-0.0011652284890995013,-0.005407882334605096,-5.4794499706039084e-5,-0.0012200229888055403,0.0018390835972118447,-0.0035687987373932517
Eddie Nketiah,-0.0011652284890995013,-0.005407882334605096,-5.483930688890452e-4,-0.0017136215579885465,0.0020288650834839285,-0.003379017251121168
Mohamed Elneny,-0.0011652284890995013,-0.005407882334605096,2.918639927619894e-4,-8.733644963375118e-4,0.0034555099301852416,-0.0019523724044198548
Nicolas Pépé,-0.0011652284890995013,-0.005407882334605096,-6.940292801809367e-4,-0.001859257769280438,-0.0014010451253998924,-0.006808927460004988
Bernd Leno,-0.0011652284890995013,-0.005407882334605096,4.640012503428389e-4,-7.012272387566623e-4,2.2859281271271216e-4,-0.0051792895218923845
Ainsley Maitland-Niles,-0.0011652284890995013,-0.005407882334605096,-4.264052759203657e-4,-0.001591633765019867,-4.481692193736431e-4,-0.00585605155397874
Pablo Marí,-0.0011652284890995013,-0.005407882334605096,7.820451175784503e-5,-0.0010870239773416563,-5.607268004256584e-5,-0.005463955014647662
Calum Chambers,-0.0011652284890995013,-0.005407882334605096,-8.419794752737821e-4,-0.0020072079643732835,-0.0023831021634214307,-0.007790984498026527
Sead Kolašinac,-0.0011652284890995013,-0.005407882334605096,4.822595467763495e-4,-6.829689423231517e-4,4.287708768062736e-4,-0.004979111457798823
Folarin Balogun,-0.0011652284890995013,-0.005407882334605096,-9.296794901429233e-5,-0.0012581964381137936,-3.5601497244439973e-4,-0.005763897307049496
Reiss Nelson,-0.0011652284890995013,-0.005407882334605096,-5.932215671453175e-5,-0.001224550645814033,-9.853337080314339e-5,-0.005506415705408239
Ryan Alebiousu,-0.0011652284890995013,-0.005407882334605096,NA,NA,NA,NA
Zach Awe,-0.0011652284890995013,-0.005407882334605096,NA,NA,NA,NA
Miguel Azeez,-0.0011652284890995013,-0.005407882334605096,NA,NA,NA,NA
Héctor Bellerín,-0.0011652284890995013,-0.005407882334605096,NA,NA,NA,NA
Mika Biereth,-0.0011652284890995013,-0.005407882334605096,NA,NA,NA,NA
Marcelo Flores,-0.0011652284890995013,-0.005407882334605096,NA,NA,NA,NA
Omari Hutchinson,-0.0011652284890995013,-0.005407882334605096,NA,NA,NA,NA
Karl Jakob Hein,-0.0011652284890995013,-0.005407882334605096,NA,NA,NA,NA
Alex Kirk,-0.0011652284890995013,-0.005407882334605096,NA,NA,NA,NA
Mazeed Ogungbo,-0.0011652284890995013,-0.005407882334605096,NA,NA,NA,NA
Arthur Okonkwo,-0.0011652284890995013,-0.005407882334605096,NA,NA,NA,NA
Salah Oulad M'Hand,-0.0011652284890995013,-0.005407882334605096,NA,NA,NA,NA
Charlie Patino,-0.0011652284890995013,-0.005407882334605096,NA,NA,NA,NA
Zak Swanson,-0.0011652284890995013,-0.005407882334605096,NA,NA,NA,NA
David de Gea,0.052654049731159835,0.08112155626799966,-0.008189265699850738,0.0444647840313091,-0.03170243598780069,0.04941912028019897
Bruno Fernandes,0.08225210269121241,0.139554782734699,-0.008007240061597098,0.07424486262961531,-0.02995963000353887,0.10959515273116013
Harry Maguire,0.010468584394552671,0.08112155626799966,-0.005910836602618547,0.004557747791934124,-0.02287381223888103,0.05824774402911863
Scott McTominay,0.008986123645488897,0.022688329801300533,-0.004427167857892543,0.004558955787596354,-0.02242234694201943,2.6598285928110255e-4
Cristiano Ronaldo,0.09861276701002675,0.18337970258472347,-0.007373821798810174,0.09123894521121657,-0.025928998046949578,0.15745070453777388
Victor Lindelöf,0.006484116669188689,0.022688329801300533,-0.003508631503518839,0.0029754851656698497,-0.018839644134850585,0.0038486856664499483
Fred,0.029863067898235673,0.037296636417975426,-0.004130002703490188,0.025733065194745487,-0.01896703204992012,0.018329604368055308
Jadon Sancho,-0.003288631855885571,0.12494647611802412,-0.004919658877043256,-0.008208290732928827,-0.019754642632525188,0.10519183348549893
Raphaël Varane,-0.009825873178871403,0.11033816950134945,-0.006631504238146706,-0.01645737741701811,-0.02008251867159004,0.0902556508297594
Aaron Wan-Bissaka,0.010674904835314303,0.06651324965132499,-0.004196300993353158,0.006478603841961145,-0.014475121225870155,0.052038128425454834
Diogo Dalot,-0.025359269032174003,-0.03574489666539882,-0.0034090904650817726,-0.028768359497255775,-0.016816957697980143,-0.05256185436337896
Luke Shaw,0.022187831624471466,0.08112155626799966,-0.005503071161728926,0.01668476046274254,-0.01630594243185835,0.06481561383614132
Alex Telles,-0.021911134904171625,0.0519049430346501,-0.0031248324084154214,-0.025035967312587046,-0.015724534534144553,0.036180408500505544
Nemanja Matić,0.008242921004511183,0.00808002318462564,-0.002974926703155624,0.005267994301355559,-0.01141474710508938,-0.0033347239204637395
Paul Pogba,0.11175252392241486,0.12494647611802412,-0.005673347763497311,0.10607917615891754,-0.014734604333623643,0.11021187178440048
Mason Greenwood,0.04821199082189165,-0.006528283432049031,-0.0053635417675123,0.042848449054379345,-0.013336053928497375,-0.019864337360546408
Anthony Elanga,-0.01533370460934047,-0.19643626944882175,-0.0017414779709876693,-0.01707518258032814,-0.00902571592202814,-0.2054619853708499
Marcus Rashford,-0.05081739699839316,0.09572986288467455,-0.001157541001101249,-0.05197493799949441,-0.010525072450338036,0.08520479043433651
Edinson Cavani,-0.0011652284890995013,-0.005407882334605096,-0.0021151889904010915,-0.0032804174795005928,-0.0057409285753880655,-0.011148810909993163
Eric Bailly,-0.0011652284890995013,-0.005407882334605096,8.490512160833818e-4,-3.1617727301611943e-4,-5.074207514042134e-4,-0.00591530308600931
Jesse Lingard,-0.0011652284890995013,-0.005407882334605096,-3.456716853361898e-4,-0.001510900174435691,-0.0018897439561729493,-0.0072976262907780455
Juan Mata,-0.0011652284890995013,-0.005407882334605096,-5.26446951743462e-4,-0.0016916754408429634,-0.0020524334662017788,-0.007460315800806875
Anthony Martial,-0.0011652284890995013,-0.005407882334605096,-9.451653720628297e-4,-0.002110393861162331,-0.0018990470287230904,-0.007306929363328187
Phil Jones,-0.0011652284890995013,-0.005407882334605096,-5.3623440336898696e-5,-0.0012188519294364,-9.872503627338328e-4,-0.006395132697338929
Daniel James,-0.03406777872645472,-0.021136590048723924,0.0045887515427403,-0.029479027183714424,0.0045482991918171746,-0.01658829085690675
Hannibal Mejbri,-0.0011652284890995013,-0.005407882334605096,-1.2615972181087432e-4,-0.0012913882109103756,-5.711778447172527e-4,-0.005979060179322349
Donny van de Beek,-0.0011652284890995013,-0.005407882334605096,0.0031894255171947498,0.0020241970280952485,8.835141544706282e-4,-0.004524368180134468
Shola Shoretire,-0.0011652284890995013,-0.005407882334605096,-1.5910516716826717e-5,-0.001181139005816328,-5.9533867665854855e-5,-0.005467416202270951
Alejandro Garnacho,-0.0011652284890995013,-0.005407882334605096,-8.45119940821454e-6,-0.0011736796885077159,-5.073406934237524e-5,-0.005458616403947471
Amad Diallo,-0.0011652284890995013,-0.005407882334605096,NA,NA,NA,NA
Álvaro Fernández,2.3628459821689596e-4,-0.07956981651542328,0.0026479796240839585,0.0028842642223008545,0.009416250685861723,-0.07015356582956156
Tom Heaton,-0.0011652284890995013,-0.005407882334605096,NA,NA,NA,NA
Dean Henderson,-0.0011652284890995013,-0.005407882334605096,NA,NA,NA,NA
Andreas Pereira,-0.0011652284890995013,-0.005407882334605096,NA,NA,NA,NA
Charlie Savage,-0.0011652284890995013,-0.005407882334605096,NA,NA,NA,NA
Brandon Williams,-0.04608879371014574,-0.05035320328207349,0.006666912609526757,-0.03942188110061898,0.011525137383329971,-0.03882806589874352
Łukasz Fabiański,0.06183433716051745,0.0519049430346501,-0.0023426305243520124,0.05949170663616544,-0.0035004582230401078,0.04840448481160999
Declan Rice,0.046945912173162796,0.0519049430346501,-0.0034376336408582925,0.043508278532304503,-0.0047528285794898335,0.047152114455160266
Tomáš Souček,-0.006303634110703227,0.0519049430346501,-0.0014706237460525337,-0.007774257856755761,-0.0013764485867813392,0.050528494447868756
Jarrod Bowen,0.04979775166269884,-0.006528283432049031,-0.004105796550747123,0.04569195511195172,-0.0055541590903879735,-0.012082442522437006
Michail Antonio,0.033766871701101486,0.00808002318462564,-0.0030321186894430216,0.030734753011658466,-0.003497591355220241,0.004582431829405399
Pablo Fornals,0.01910646530308302,0.00808002318462564,-0.0012182839169496312,0.01788818138613339,-0.0020423168072533585,0.006037706377372281
Aaron Cresswell,0.024356787989301854,0.00808002318462564,-0.0014797964079760139,0.02287699158132584,-0.0012637580080717325,0.006816265176553907
Craig Dawson,-0.005381598912691965,-0.021136590048723924,-0.002002720009713852,-0.0073843189224058175,-0.003191592904656936,-0.02432818295338086
Saïd Benrahma,4.0479534313409005e-6,-0.021136590048723924,-0.0019725166269161484,-0.0019684686734848075,-0.0021976975696615417,-0.023334287618385467
Vladimír Coufal,-0.047226614627656316,0.022688329801300533,-0.001999700145165391,-0.04922631477282171,-0.005969497968099553,0.01671883183320098
Manuel Lanzini,0.011906889663187759,-0.021136590048723924,-7.443715041067504e-4,0.011162518159081009,-0.0014028731814998315,-0.022539463230223756
Ben Johnson,-0.04336765098646089,-0.1526113495987973,0.0017009161116939375,-0.04166673487476696,0.004275990214291614,-0.14833535938450568
Angelo Ogbonna,-0.02812657117092421,0.022688329801300533,-9.474631847120881e-4,-0.029074034355636297,-9.537219079350676e-4,0.021734607893365464
Issa Diop,-0.04280342578599616,-0.021136590048723924,-0.001986155732695726,-0.04478958151869189,-0.0029485414344838086,-0.024085131483207733
Arthur Masuaku,-0.0011652284890995013,-0.005407882334605096,6.684785313782615e-4,-4.967499577212398e-4,6.676306974517176e-4,-0.004740251637153379
Nikola Vlašić,-0.0011652284890995013,-0.005407882334605096,-8.273371533232426e-4,-0.001992565642422744,-9.396953347233969e-4,-0.006347577669328494
Mark Noble,-0.0011652284890995013,-0.005407882334605096,6.498268601980825e-4,-5.154016289014188e-4,4.249208857586683e-4,-0.004982961448846428
Ryan Fredericks,-0.0011652284890995013,-0.005407882334605096,-9.84535692365937e-4,-0.0021497641814654384,-9.538309319808093e-4,-0.006361713266585906
Andriy Yarmolenko,-0.0011652284890995013,-0.005407882334605096,6.640356651264494e-4,-5.011928239730519e-4,7.679765989820428e-4,-0.0046399057356230535
Alphonse Areola,-0.0011652284890995013,-0.005407882334605096,1.0598457930535055e-4,-0.0010592439097941507,5.121315962738022e-4,-0.0048957507383312945
Harrison Ashby,-0.0011652284890995013,-0.005407882334605096,-1.7518360280749052e-6,-0.001166980325127576,-7.424812504573681e-6,-0.00541530714710967
Sonny Perkins,-0.0011652284890995013,-0.005407882334605096,3.604176478632903e-5,-0.0011291867243131723,4.48422221538138e-5,-0.005363040112451283
Daniel Chesters,-0.0011652284890995013,-0.005407882334605096,-2.99156982499066e-7,-0.0011655276460820004,1.314245679384288e-6,-0.005406568088925712
Alex Král,-0.0011652284890995013,-0.005407882334605096,3.013957982788623e-5,-0.001135088909271615,3.3592597407382596e-5,-0.0053742897371977134
Ajibola Alese,-0.0011652284890995013,-0.005407882334605096,NA,NA,NA,NA
Jamal Baptiste,-0.0011652284890995013,-0.005407882334605096,NA,NA,NA,NA
Conor Coventry,-0.0011652284890995013,-0.005407882334605096,NA,NA,NA,NA
Pierre Ekwah Elimby,-0.0011652284890995013,-0.005407882334605096,NA,NA,NA,NA
Armstrong Okoflex,-0.0011652284890995013,-0.005407882334605096,NA,NA,NA,NA
Darren Randolph,-0.0011652284890995013,-0.005407882334605096,NA,NA,NA,NA
Kasper Schmeichel,0.06807666632624287,0.09572986288467455,-0.0021370886056317324,0.06593957772061114,-0.006950931864953917,0.08877893101972063
Youri Tielemans,0.06958917240742402,0.08112155626799966,-0.0045824297068055,0.06500674270061851,-0.009352510399675683,0.07176904586832397
Çağlar Söyüncü,0.027988712291747486,0.022688329801300533,-0.003231981454769357,0.02475673083697813,-0.009221591878265633,0.0134667379230349
James Maddison,0.05931412124670321,0.0519049430346501,-0.001518630132866429,0.057795491113836785,-0.005061734221354284,0.04684320881329582
Harvey Barnes,0.03133182753184105,0.037296636417975426,-0.004869015514503077,0.026462812017337974,-0.010093898208400315,0.02720273820957511
Daniel Amartey,-0.00954754554282955,-0.03574489666539882,-2.1732906501456284e-4,-0.009764874607844113,-0.0022344948557494783,-0.03797939152114829
Kiernan Dewsbury Hall,-0.01774129414211445,-0.10878642974877284,-0.0023429117062192433,-0.020084205848333692,-0.0016560167505673062,-0.11044244649934015
Timothy Castagne,-0.030993856577157475,0.00808002318462564,-8.049049883373836e-4,-0.03179876156549486,-0.004471043215944418,0.003608979968681222
Luke Thomas,-0.027854811180532568,-0.10878642974877284,-2.6492076271497443e-4,-0.02811973194324754,-0.0014836699235992058,-0.11027009967237204
Jamie Vardy,0.009550150566556503,0.11033816950134945,-9.044465572305086e-4,0.008645704009325995,-0.007212951693220316,0.10312521780812914
Wilfred Ndidi,-0.01625592319996727,0.09572986288467455,2.1897487454965379e-4,-0.016036948325417615,-0.0037127899319176934,0.09201707295275686
Ademola Lookman,0.03378646249692574,-0.021136590048723924,-0.0013146672065179048,0.032471795290407834,-0.0029783371537778196,-0.024114927202501746
Jonny Evans,0.014911716066626557,0.022688329801300533,-0.002380224097440099,0.012531491969186457,-0.004780754840214865,0.01790757496108567
Kelechi Iheanacho,-0.014512550546980085,-0.006528283432049031,0.0010730631409559056,-0.01343948740602418,7.604987578477493e-4,-0.005767784674201282
Patson Daka,-0.012405571269282545,-0.021136590048723924,-0.0014998371894581633,-0.013905408458740708,-0.0011267778899609374,-0.02226336793868486
Ricardo Pereira,0.0310424265146656,0.08112155626799966,-0.0021834790458243086,0.02885894746884129,-0.004831421643808461,0.0762901346241912
Boubakary Soumaré,-0.06320363257993722,-0.006528283432049031,7.640961306169275e-4,-0.06243953644932029,-0.002168617147710545,-0.008696900579759576
Nampalys Mendy,0.02730442942117839,-0.05035320328207349,-0.00226070369193133,0.025043725729247058,-0.0015112634040223055,-0.051864466686095796
Marc Albrighton,-0.0846718663857382,-0.03574489666539882,0.0023642324239204213,-0.08230763396181778,0.001314281721987441,-0.034430614943411375
James Justin,-0.00514070206762951,-0.021136590048723924,-0.0022926331010800233,-0.0074333351687095334,-0.00237021756556944,-0.023506807614293364
Wesley Fofana,-0.0011652284890995013,-0.005407882334605096,-0.0017027189933323914,-0.0028679474824318926,-7.441006576163366e-4,-0.006151982992221433
Jannik Vestergaard,-0.0011652284890995013,-0.005407882334605096,0.0011630038021050023,-2.224686994498938e-6,-8.971211419683681e-4,-0.006305003476573465
Ayoze Pérez,-0.0011652284890995013,-0.005407882334605096,7.70251621007373e-5,-0.001088203326998764,-1.8587971616067011e-4,-0.005593762050765766
Ryan Bertrand,-0.0011652284890995013,-0.005407882334605096,7.062235959162433e-4,-4.59004893183258e-4,-0.0013818011386633803,-0.006789683473268477
Hamza Choudhury,-0.0011652284890995013,-0.005407882334605096,7.217674439684333e-4,-4.4346104513106797e-4,3.6342051711165443e-4,-0.005044461817493442
Danny Ward,-0.0011652284890995013,-0.005407882334605096,-3.95522607828848e-4,-0.0015607510969283492,-5.639816276656763e-4,-0.005971863962270773
Lewis Brunt,-0.0011652284890995013,-0.005407882334605096,5.023088555433642e-5,-0.0011149976035451648,3.953942005157743e-5,-0.005368342914553519
Kasey McAteer,-0.0011652284890995013,-0.005407882334605096,-1.4000025416552208e-5,-0.0011792285145160535,-1.71873490419474e-5,-0.005425069683647044
Vontae Daley Campbell,-0.0011652284890995013,-0.005407882334605096,NA,NA,NA,NA
Eldin Jakupović,-0.0011652284890995013,-0.005407882334605096,NA,NA,NA,NA
Benjamin Nelson,-0.0011652284890995013,-0.005407882334605096,NA,NA,NA,NA
Dennis Praet,-0.0011652284890995013,-0.005407882334605096,NA,NA,NA,NA
Robert Sánchez,0.011437269330429212,-0.03574489666539882,0.0033595242044750224,0.014796793534904235,0.017213550794020902,-0.018531345871377915
Marc Cucurella,0.01748923348730691,0.037296636417975426,0.004659956565011955,0.022149190052318864,0.01645991753228772,0.053756553950263145
Joël Veltman,-0.00877484786619398,-0.021136590048723924,0.004701655731057564,-0.004073192135136416,0.016268479804692617,-0.0048681102440313075
Leandro Trossard,0.02695541034754423,-0.021136590048723924,7.819949799001597e-4,0.027737405327444387,0.012105044377213622,-0.009031545671510302
Lewis Dunk,0.018251283184039124,-0.006528283432049031,0.002288397527694304,0.020539680711733427,0.014433716077402061,0.00790543264535303
Neal Maupay,-0.015356267383357158,-0.021136590048723924,7.400997352718267e-4,-0.014616167648085331,0.00926526914689328,-0.011871320901830644
Yves Bissouma,0.022554941750060564,0.00808002318462564,6.244474340450142e-4,0.02317938918410558,0.011813804396288527,0.019893827580914167
Pascal Groß,0.023573962975701024,-0.03574489666539882,0.0022728206188680727,0.025846783594569097,0.011521580685962299,-0.02422331597943652
Alexis Mac Allister,-0.0069489855580939786,-0.05035320328207349,0.004833543436515995,-0.0021154421215779833,0.01347422067965614,-0.03687898260241735
Jakub Moder,-0.044422936305585914,-0.12339473636544773,0.0013685157360567104,-0.043054420569529205,0.008718877131693526,-0.1146758592337542
Adam Lallana,0.004925277585269283,-0.05035320328207349,-5.733744588444133e-4,0.0043519031264248696,0.005629568372113771,-0.04472363490995972
Solly March,-0.051812570001861236,-0.05035320328207349,0.0035081439258089304,-0.04830442607605231,0.0119420978677447,-0.03841110541432879
Tariq Lamptey,-0.051608927786940706,-0.06496150989874838,0.002176377074131302,-0.0494325507128094,0.00859843273985067,-0.05636307715889771
Adam Webster,-0.029192279926991027,-0.05035320328207349,-6.348064635006036e-4,-0.02982708639049163,0.005651508806482453,-0.04470169447559104
Danny Welbeck,-0.03329341484816628,-0.07956981651542328,0.0019530680612500522,-0.03134034678691623,0.007013926515008711,-0.07255589000041457
Shane Duffy,-0.009068462377503916,-0.09417812313209795,-0.00226807313000859,-0.011336535507512506,0.0047710535475307386,-0.0894070695845672
Dan Burn,-0.027050448382237136,-0.05035320328207349,0.009385918004838267,-0.017664530377398867,0.009803123111924,-0.04055008017014949
Enock Mwepu,-0.008312394517200783,-0.05035320328207349,0.0016071470617814718,-0.006705247455419311,0.005609522259007091,-0.044743681023066396
Moisés Caicedo,-0.0011652284890995013,-0.005407882334605096,0.002756785268324299,0.0015915567792247976,0.005469500695599717,6.161836099462074e-5
Steven Alzate,-0.0011652284890995013,-0.005407882334605096,2.2008511492991903e-4,-9.451433741695822e-4,0.0030677121998482974,-0.002340170134756799
Aaron Connolly,-0.0011652284890995013,-0.005407882334605096,-5.277961965571883e-5,-0.0012180081087552201,1.7981630514630654e-4,-0.0052280660294587895
Jason Steele,-0.0011652284890995013,-0.005407882334605096,-1.3447441511433815e-4,-0.0012997029042138395,4.109691514266214e-4,-0.0049969131831784745
Jeremy Sarmiento,-0.0011652284890995013,-0.005407882334605096,5.397334530554865e-5,-0.0011112551437939527,9.208642715060765e-5,-0.005315795907454489
Taylor Richards,-0.0011652284890995013,-0.005407882334605096,-4.063486531656191e-5,-0.0012058633544160633,1.1294292879356685e-4,-0.00529493940581153
Evan Ferguson,-0.0011652284890995013,-0.005407882334605096,-8.988975600197365e-5,-0.0012551182451014749,-1.0202120699053638e-5,-0.00541808445530415
Jürgen Locadia,-0.0011652284890995013,-0.005407882334605096,-4.774402608119015e-5,-0.0012129725151806914,-4.304370672674269e-5,-0.005450926041331839
Florin Andone,-0.0011652284890995013,-0.005407882334605096,NA,NA,NA,NA
Michał Karbownik,-0.0011652284890995013,-0.005407882334605096,NA,NA,NA,NA
Marc Leonard,-0.0011652284890995013,-0.005407882334605096,NA,NA,NA,NA
Thomas Mcgill,-0.0011652284890995013,-0.005407882334605096,NA,NA,NA,NA
Odeluga Offiah,-0.0011652284890995013,-0.005407882334605096,NA,NA,NA,NA
Haydon Roberts,-0.0011652284890995013,-0.005407882334605096,NA,NA,NA,NA
Kjell Scherpen,-0.0011652284890995013,-0.005407882334605096,NA,NA,NA,NA
Ed Turns,-0.0011652284890995013,-0.005407882334605096,NA,NA,NA,NA
Andi Zeqiri,-0.0011652284890995013,-0.005407882334605096,NA,NA,NA,NA
Conor Coady,0.012137073070899174,0.00808002318462564,0.003313934254718908,0.015451007325618082,0.004879431796230534,0.012959454980856173
José Sá,0.040171946339942144,0.00808002318462564,0.0034574281947786275,0.04362937453472077,0.005384255544511392,0.013464278729137032
João Moutinho,0.025808269971831832,0.022688329801300533,7.734543225376982e-4,0.02658172429436953,0.0010995679460415,0.023787897747342034
Romain Saïss,0.014740081311524822,-0.006528283432049031,0.0034391455066814947,0.018179226818206315,0.005698831251675967,-8.294521803730642e-4
Rúben Neves,0.029534701317590395,0.0519049430346501,0.005311640008490089,0.034846341326080485,0.006839045554429829,0.05874398858907993
Max Kilman,-0.0019528937676884794,-0.12339473636544773,0.0029671460423453372,0.0010142522746568578,0.005085505311440869,-0.11830923105400687
Raúl Jiménez,0.014650585579024655,0.06651324965132499,0.003851796072422775,0.01850238165144743,0.00574263241154505,0.07225588206287004
Nélson Semedo,-0.026713707862448866,0.022688329801300533,0.002030428395933924,-0.02468327946651494,0.002843782939867424,0.025532112741167956
Leander Dendoncker,-0.022969536556377346,-0.021136590048723924,0.004116829984984694,-0.018852706571392652,0.005414443625847345,-0.01572214642287658
Rayan Aït Nouri,-0.019434304368517896,-0.07956981651542328,0.002864500954193168,-0.01656980341432473,0.002699593610908376,-0.0768702229045149
Hwang Hee-chan,-0.035300789240743535,-0.05035320328207349,-8.93346029584053e-4,-0.03619413527032759,-0.0010013836529693676,-0.051354586935042856
Fernando Marçal,-0.013369063155795002,-0.05035320328207349,9.294108495120962e-4,-0.012439652306282906,0.002620905351919527,-0.04773229793015396
Francisco Trincão,-0.047192086659237686,-0.03574489666539882,-2.7426638908363196e-4,-0.047466353048321315,6.549819228548606e-4,-0.03508991474254396
Daniel Podence,-0.0354175122545306,-0.006528283432049031,4.8799872104573225e-4,-0.03492951353348487,1.0198388455466587e-4,-0.006426299547494366
Adama Traoré,-0.058854293230188315,-0.006528283432049031,0.0031652182873539284,-0.055689074942834385,0.00483427626549213,-0.001694007166556901
Jonny Castro,-0.004319917865118539,0.022688329801300533,-4.09437784211618e-4,-0.004729355649330157,-4.1435010908329276e-4,0.02227397969221724
Willy Boly,-0.018966338538136673,0.00808002318462564,-1.1686317914290348e-4,-0.019083201717279577,-3.5083606977945244e-4,0.0077291871148461875
Fábio Silva,-0.0011652284890995013,-0.005407882334605096,-8.132022957943949e-4,-0.001978430784893896,-0.0010001071396654579,-0.0064079894742705545
Pedro Neto,-0.0011652284890995013,-0.005407882334605096,5.658576346121647e-4,-5.993708544873366e-4,2.3995360983653427e-4,-0.0051679287247685625
Toti Gomes,-0.0011652284890995013,-0.005407882334605096,-2.9132509582467225e-4,-0.0014565535849241735,-0.0012658888546656913,-0.006673771189270788
Ki-Jana Hoever,-0.0011652284890995013,-0.005407882334605096,0.0012623122349098897,9.708374581038847e-5,0.0021018017437476476,-0.0033060805908574488
Luke Cundle,-0.0011652284890995013,-0.005407882334605096,6.217101550508486e-5,-0.0011030574735944165,4.570612530639459e-4,-0.004950821081541151
Chiquinho,-0.0011652284890995013,-0.005407882334605096,5.894785531097198e-4,-5.757499359897815e-4,4.900000117898692e-4,-0.004917882322815227
John Ruddy,-0.0011652284890995013,-0.005407882334605096,-1.6102621763338518e-4,-0.0013262547067328864,-6.021318088138031e-4,-0.006010014143418899
Chem Campbell,-0.0011652284890995013,-0.005407882334605096,-2.4795978831834426e-5,-0.0011900244679313356,-8.86505806829463e-6,-0.005416747392673391
Morgan Gibbs-White,-0.0011652284890995013,-0.005407882334605096,2.1242843202098782e-5,-0.0011439856458974025,4.8789848212772904e-5,-0.005359092486392323
Hugo Bueno,-0.0011652284890995013,-0.005407882334605096,NA,NA,NA,NA
Ryan John Giles,-0.0011652284890995013,-0.005407882334605096,NA,NA,NA,NA
Bruno Jordão,-0.0011652284890995013,-0.005407882334605096,NA,NA,NA,NA
Christian Marques,-0.0011652284890995013,-0.005407882334605096,NA,NA,NA,NA
Yerson Mosquera,-0.0011652284890995013,-0.005407882334605096,NA,NA,NA,NA
Louie Moulden,-0.0011652284890995013,-0.005407882334605096,NA,NA,NA,NA
Dion Sanderson,-0.0011652284890995013,-0.005407882334605096,NA,NA,NA,NA
James Storer,-0.0011652284890995013,-0.005407882334605096,NA,NA,NA,NA
Allan Saint-Maximin,5.321674882352578e-4,0.00808002318462564,0.015663065743782158,0.016195233232017416,0.012190323385294287,0.020270346569919925
Joelinton,-0.01915333329527602,-0.06496150989874838,0.013617129735644974,-0.005536203559631046,0.012103629176935055,-0.05285788072181333
Martin Dúbravka,0.05971932439579408,0.037296636417975426,0.012406399952606598,0.07212572434840069,0.010158913633038445,0.04745555005101387
Fabian Schär,-0.050311666793437126,-0.03574489666539882,0.011353268204643743,-0.03895839858879338,0.007862837904161453,-0.027882058761237366
Joe Willock,-0.05182601825865518,-0.05035320328207349,0.010094680012200204,-0.041731338246454974,0.0076623714608804174,-0.04269083182119307
Jamaal Lascelles,-0.059994739258796725,-0.021136590048723924,0.013616644165871068,-0.04637809509292566,0.012184872477011872,-0.008951717571712052
Jonjo Shelvey,-0.07343865051675458,-0.05035320328207349,0.009884989938307689,-0.06355366057844689,0.006346525496922578,-0.04400667778515091
Miguel Almirón,-0.09123219334975374,-0.021136590048723924,0.010255075566750501,-0.08097711778300325,0.008393135569086985,-0.012743454479636939
Emil Krafth,-0.07127652082567049,-0.07956981651542328,0.01007235403429288,-0.06120416679137761,0.007019493904265849,-0.07255032261115743
Ryan Fraser,-0.05374723180809671,-0.05035320328207349,0.009354369948373124,-0.04439286185972358,0.007907310953651103,-0.042445892328422385
Matt Targett,-0.04350418823834579,-0.021136590048723924,0.010813498594528348,-0.03269068964381744,0.007496656219413291,-0.013639933829310634
Callum Wilson,-0.07688064379814907,0.00808002318462564,0.0089324765389371015,-0.06794816725921198,0.005697376313723123,0.013777399498348762
Sean Longstaff,-0.06943413560277256,-0.09417812313209795,0.009270426583682748,-0.060163709019089816,0.009015226449075627,-0.08516289668302232
Chris Wood,-0.10910428061056154,0.00808002318462564,0.013920225081135674,-0.09518405552942587,0.006453271116034856,0.014533294300660495
Javier Manquillo,-0.069689365540621,-0.06496150989874838,0.009808499682085364,-0.05988086585853563,0.01091385524109964,-0.05404765465764874
Matt Ritchie,-0.07634013804878514,-0.06496150989874838,0.009914779179141275,-0.06642535886964387,0.007699860325678891,-0.05726164957306949
Jacob Murphy,-0.08908019832378833,-0.09417812313209795,0.008433504788695841,-0.08064669353509249,0.005863699743280416,-0.08831442338881754
Ciaran Clark,-0.04746947284608294,-0.05035320328207349,0.0074171229690528214,-0.040052349877030116,0.0063374370412983445,-0.04401576624077515
Isaac Hayden,-0.06292018951884204,-0.03574489666539882,0.008496873013274316,-0.054423316505567726,0.007758234967750979,-0.02798666169764784
Bruno Guimarães,0.05368894716795358,0.00808002318462564,0.005263318053006271,0.05895226522095985,0.004051958492682613,0.012131981677308253
Karl Darlow,-0.0011652284890995013,-0.005407882334605096,0.004830007152919278,0.0036647786638197765,0.0028446834590633943,-0.002563198875541702
Federico Fernández,-0.0011652284890995013,-0.005407882334605096,0.0019216377201107895,7.564092310112882e-4,2.6148330337357855e-4,-0.005146399031231518
Kieran Trippier,-0.0011652284890995013,-0.005407882334605096,9.29097989582372e-4,-2.3613049951712924e-4,2.0419583541759372e-4,-0.005203686499187503
Freddie Woodman,-0.0011652284890995013,-0.005407882334605096,0.002571046614011399,0.0014058181249118978,0.0025107968140883614,-0.002897085520516735
Jamal Lewis,-0.0011652284890995013,-0.005407882334605096,4.707054461348467e-4,-6.945230429646546e-4,1.7662677520500763e-5,-0.005390219657084596
Paul Dummett,-0.0011652284890995013,-0.005407882334605096,3.3126189976312697e-4,-8.339665893363743e-4,-3.764340872674787e-4,-0.005784316421872575
Jeff Hendrick,-0.0011652284890995013,-0.005407882334605096,1.788576342922876e-4,-9.863708548072136e-4,1.868571275955643e-4,-0.005221025207009532
Dwight Gayle,-0.0011652284890995013,-0.005407882334605096,1.7175346561541785e-4,-9.934750234840833e-4,2.3836117197878771e-4,-0.005169521162626309
Elliot Anderson,-0.0011652284890995013,-0.005407882334605096,NA,NA,NA,NA
Lucas De Bolle,-0.0011652284890995013,-0.005407882334605096,NA,NA,NA,NA
Mark Gillespie,-0.0011652284890995013,-0.005407882334605096,NA,NA,NA,NA
Joe White,-0.0011652284890995013,-0.005407882334605096,NA,NA,NA,NA
Marc Guéhi,0.03899689560860908,-0.07956981651542328,0.002884460462258952,0.041881356070868035,0.02157081869100898,-0.0579989978244143
Tyrick Mitchell,-0.04505312758408109,-0.10878642974877284,0.003934914186798259,-0.04111821339728283,0.02211494370824023,-0.08667148604053261
Conor Gallagher,0.04184734822072267,-0.06496150989874838,0.0022074910750698403,0.04405483929579251,0.01874704476160298,-0.0462144651371454
Joachim Andersen,0.02256918791406637,-0.021136590048723924,0.0036284885712459533,0.02619767648531232,0.019903879996596856,-0.001232710052127068
Wilfried Zaha,0.0293310940391156,0.0519049430346501,0.003526114027855187,0.03285720806697079,0.019506348128283883,0.07141129116293399
Vicente Guaita,0.05818593334121114,0.022688329801300533,0.00400703834724464,0.06219297168845578,0.019777731362131984,0.04246606116343252
Joel Ward,-0.01522323470174336,-0.06496150989874838,8.851974136094203e-4,-0.01433803728813394,0.012920517777293491,-0.05204099212145489
Jordan Ayew,-0.014670721861178349,-0.05035320328207349,0.0038444243083701046,-0.010826297552808244,0.015667040030684587,-0.0346861632513889
Cheikhou Kouyaté,-0.0465860581389923,-0.006528283432049031,0.00507338309721771,-0.0415126750417746,0.017113277995816138,0.010584994563767106
Jeffrey Schlupp,-0.022167475403349624,-0.05035320328207349,0.0023654897356582836,-0.01980198566769134,0.012576694053602532,-0.03777650922847096
Odsonne Édouard,-0.013344318741900674,-0.05035320328207349,5.295896318149901e-4,-0.012814729110085684,0.008786887872972562,-0.041566315409100926
James McArthur,-0.0152943800062868,-0.05035320328207349,0.0023526017325426053,-0.012941778273744195,0.011840813921688516,-0.03851238936038497
Nathaniel Clyne,-0.06801889150877405,-0.05035320328207349,0.0021173760143060345,-0.06590151549446802,0.011635004882120874,-0.038718198399952615
Jean-Philippe Mateta,-0.036337538363206745,-0.05035320328207349,0.0015252164800243439,-0.0348123218831824,0.007126652458559971,-0.04322655082351352
Will Hughes,-0.03130969608165968,-0.03574489666539882,-9.077279063508259e-4,-0.0322174239880105,0.0032738665299071592,-0.03247103013549166
Michael Olise,0.0017935453614039698,-0.07956981651542328,3.096443861833943e-4,0.002103189747587364,0.008199208789812782,-0.07137060772561049
Christian Benteke,-0.056354300172835714,-0.05035320328207349,7.480641235679789e-4,-0.05560623604926773,0.007664381916274053,-0.042688821365799434
Luka Milivojević,-0.0011652284890995013,-0.005407882334605096,-0.0010689275620761095,-0.002234156051175611,0.0038678090601355357,-0.0015400732744695607
Jack Butland,-0.0011652284890995013,-0.005407882334605096,-6.235231004611805e-4,-0.0017887515895606818,0.003216521031206044,-0.0021913613033990526
Eberechi Eze,-0.0011652284890995013,-0.005407882334605096,-6.013246519395922e-4,-0.0017665531410390935,0.002389261375128827,-0.0030186209594762693
James Tomkins,-0.0011652284890995013,-0.005407882334605096,-2.2651611151897356e-4,-0.0013917446006184748,0.0032999580986215124,-0.002107924235983584
Jaïro Riedewald,-0.0011652284890995013,-0.005407882334605096,4.06503766159055e-4,-7.587247229404463e-4,8.268835141536421e-4,-0.004580998820451454
Jesuran Rak Sakyi,-0.0011652284890995013,-0.005407882334605096,1.845565175926315e-4,-9.806719715068698e-4,6.398647244445891e-4,-0.0047680176101605075
Nathan Ferguson,-0.0011652284890995013,-0.005407882334605096,4.692438284338318e-6,-0.001160536050815163,1.8267832538422567e-5,-0.005389614502066674
Omotayo Adaramola,-0.0011652284890995013,-0.005407882334605096,NA,NA,NA,NA
Scott Banks,-0.0011652284890995013,-0.005407882334605096,NA,NA,NA,NA
Reece Hannam,-0.0011652284890995013,-0.005407882334605096,NA,NA,NA,NA
Martin Kelly,-0.0011652284890995013,-0.005407882334605096,NA,NA,NA,NA
Remi Matthews,-0.0011652284890995013,-0.005407882334605096,NA,NA,NA,NA
Robert Street,-0.0011652284890995013,-0.005407882334605096,NA,NA,NA,NA
Pontus Jansson,-0.0048779386019204285,-0.05035320328207349,0.01052870518751423,0.005650766585593801,0.03364156748926202,-0.01671163579281147
Christian Nørgaard,0.03471445127616812,-0.07956981651542328,0.007908941211588983,0.04262339248775711,0.02901043166671026,-0.050559384848713015
Bryan Mbeumo,0.010960332812125495,-0.06496150989874838,0.007262329112772154,0.01822266192489765,0.02759774054250957,-0.03736376935623881
Rico Henry,-0.03714984064143323,-0.06496150989874838,0.008001169819645342,-0.02914867082178789,0.02827069975200984,-0.03669081014673854
Ivan Toney,0.007408610400753357,-0.03574489666539882,0.00804263642790903,0.015451246828662387,0.028684392111953,-0.007060504553445819
Ethan Pinnock,-0.03245133613227824,-0.06496150989874838,0.009728885629496536,-0.022722450502781703,0.02904593786359397,-0.035915572035154414
Vitaly Janelt,-0.030562795788048103,-0.07956981651542328,0.005517655542823927,-0.025045140245224175,0.021783508100537207,-0.057786308414886065
Sergi Canós,-0.052135497695338984,-0.09417812313209795,0.005759434612144243,-0.04637606308319474,0.020567404139686375,-0.07361071899241158
David Raya,0.05477373185196255,-0.06496150989874838,0.00735117988722009,0.06212491173918264,0.022669534570362023,-0.042291975328386355
Kristoffer Ajer,-0.043045408644792005,-0.05035320328207349,0.006291878806061928,-0.03675352983873008,0.020157412031660066,-0.030195791250413422
Mathias Jensen,-0.039794366038301776,-0.06496150989874838,0.006984156434059534,-0.03281020960424224,0.01785662746024066,-0.04710488243850772
Yoane Wissa,-0.06723172336889305,-0.05035320328207349,0.003023614374788491,-0.06420810899410456,0.008893469496121246,-0.041459733785952246
Mads Roerslev,-0.09201851808553685,-0.16721965621547208,0.008028715905863041,-0.0839898021796738,0.018055466423526144,-0.14916418979194593
Frank Onyeka,-0.07140075126648293,-0.05035320328207349,0.005441422343046312,-0.06595932892343662,0.01365359416613655,-0.036699609115936935
Christian Eriksen,0.042639426971685435,0.0519049430346501,0.001368635446861241,0.04400806241854668,0.008075145980068284,0.05998008901471838
Shandon Baptiste,-0.11773663202497842,-0.18182796283214686,0.003877425142325605,-0.11385920688265282,0.008942259477139718,-0.17288570335500714
Mads Bech Sørensen,-0.0011652284890995013,-0.005407882334605096,0.0032962085233698172,0.002130980034270316,0.008811710404379934,0.003403828069774838
Mathias Jørgensen,-0.0011652284890995013,-0.005407882334605096,0.0015112418444977948,3.460133553982935e-4,0.005663843930520028,2.5596159591493185e-4
Saman Ghoddos,-0.0011652284890995013,-0.005407882334605096,0.0030726081715166395,0.0019073796824171383,0.006739970261193291,0.0013320879265881942
Charlie Goode,-0.0011652284890995013,-0.005407882334605096,1.8165979708800712e-4,-9.83568692011494e-4,0.0030991212040790183,-0.002308761130526078
Josh Dasilva,-0.0011652284890995013,-0.005407882334605096,9.266332033547179e-4,-2.385952857447834e-4,0.002296993591664546,-0.0031108887429405502
Jonas Lössl,-0.0011652284890995013,-0.005407882334605096,8.044303181987984e-4,-3.6079817090070283e-4,0.0023587370747419037,-0.0030491452598631927
Dominic Thompson,-0.0011652284890995013,-0.005407882334605096,0.0015055993629403625,3.403708738408612e-4,0.0021557025781946543,-0.003252179756410442
Marcus Forss,-0.0011652284890995013,-0.005407882334605096,-1.3686013786412548e-4,-0.0013020886269636267,8.55512950434628e-4,-0.0045523693841704686
Mads Bidstrup,-0.0011652284890995013,-0.005407882334605096,1.8580334840504183e-4,-9.794251406944595e-4,3.240206103621861e-4,-0.005083861724242911
Tariqe Fosu,-0.0011652284890995013,-0.005407882334605096,2.663056975039862e-5,-0.0011385979193491026,7.765588079340018e-5,-0.005330226453811696
Finley Stevens,-0.0011652284890995013,-0.005407882334605096,9.602492789934256e-6,-0.001155625996309567,8.96799446840014e-5,-0.005318202389921095
Nathan Young-Coombes,-0.0011652284890995013,-0.005407882334605096,-5.433923489108154e-6,-0.0011706624125886094,3.838544830884831e-6,-0.005404043789774211
Matthew Cox,-0.0011652284890995013,-0.005407882334605096,NA,NA,NA,NA
Halil Dervişoğlu,-0.0011652284890995013,-0.005407882334605096,NA,NA,NA,NA
Patrik Gunnarsson,-0.0011652284890995013,-0.005407882334605096,NA,NA,NA,NA
Maxwell Haygarth,-0.0011652284890995013,-0.005407882334605096,NA,NA,NA,NA
Julian Jeanvier,-0.0011652284890995013,-0.005407882334605096,NA,NA,NA,NA
Edmond-Paris Maghoma,-0.0011652284890995013,-0.005407882334605096,NA,NA,NA,NA
Myles Peart-Harris,-0.0011652284890995013,-0.005407882334605096,NA,NA,NA,NA
Matty Cash,-0.006970088811399711,-0.006528283432049031,0.0029487750400995862,-0.004021313771300125,9.218014946309979e-5,-0.0064361032825859315
Emiliano Martínez,0.048698429998831116,0.08112155626799966,0.0013007804519113196,0.04999921045074244,-0.0020989597896035493,0.07902259647839611
Tyrone Mings,-0.017102093505708238,-0.006528283432049031,0.002937076372677988,-0.01416501713303025,0.0011962301337765284,-0.005332053298272503
John McGinn,0.016663128160680607,-0.006528283432049031,0.002288807889825324,0.018951936050505932,-1.2979324858294872e-4,-0.00665807668063198
Ollie Watkins,0.013008064696057975,-0.006528283432049031,0.00438884031685041,0.017396905012908387,0.0029366510700896365,-0.0035916323619593947
Douglas Luiz,0.006116630197719353,-0.021136590048723924,0.00336926263188702,0.009485892829606372,0.0028895578520523463,-0.018247032196671578
Ezri Konsa,-0.02254104982500471,-0.006528283432049031,0.003943496316574036,-0.018597553508430675,0.0027137194285927254,-0.003814564003456306
Jacob Ramsey,-0.022121451097024902,-0.1526113495987973,0.0018039977778249723,-0.02031745331919993,0.001890809796128554,-0.15072053980266875
Emi Buendía,0.03313739314878705,0.00808002318462564,-5.708140697459961e-4,0.03256657907904106,-0.00279174921819936,0.00528827396642628
Danny Ings,-0.021862860442094734,0.037296636417975426,6.865410980608308e-4,-0.021176319344033905,-0.0019595976109076005,0.035337038807067823
Philippe Coutinho,0.03235104388539911,0.0519049430346501,1.1017187606268943e-4,0.0324612157614618,-0.0017811137542002467,0.05012382928044985
Lucas Digne,-0.029983725435175135,0.08112155626799966,0.003710917974600136,-0.026272807460574997,-0.004662905826231762,0.0764586504417679
Ashley Young,-0.09139695554146399,-0.006528283432049031,0.001734477870093714,-0.08966247767137027,7.943375787422759e-5,-0.006448849674174804
Marvelous Nakamba,-0.08341331040782873,-0.05035320328207349,0.002729838547113367,-0.08068347186071537,7.28839247385929e-4,-0.04962436403468756
Leon Bailey,-0.0011652284890995013,-0.005407882334605096,7.787971864117029e-4,-3.8643130268779834e-4,-8.213237116769243e-4,-0.006229206046282021
Axel Tuanzebe,-0.0011652284890995013,-0.005407882334605096,-1.907389269033395e-4,-0.0013559674160028407,-0.0013138656747302628,-0.006721748009335359
Kortney Hause,-0.0011652284890995013,-0.005407882334605096,7.905415941614603e-4,-3.7468689493804093e-4,0.001289541278646154,-0.0041183410559589425
Anwar El Ghazi,-0.0011652284890995013,-0.005407882334605096,-0.0010086927278621708,-0.0021739212169616723,-0.0024167920077995523,-0.007824674342404648
Morgan Sanson,-0.0011652284890995013,-0.005407882334605096,5.732818931327576e-4,-5.919465959667437e-4,5.17087488578642e-4,-0.004890794846026454
Carney Chukwuemeka,-0.0011652284890995013,-0.005407882334605096,-1.3724301447297309e-4,-0.0013024715035724744,-6.645198014450576e-4,-0.006072402136050154
Bertrand Traoré,-0.0011652284890995013,-0.005407882334605096,-3.8055830992586314e-5,-0.0012032843200920876,-3.028667725747687e-4,-0.005710749107179865
Tim Iroegbunam,-0.0011652284890995013,-0.005407882334605096,-3.196608726921102e-4,-0.0014848893617916115,-7.039614512431188e-4,-0.006111843785848215
Robin Olsen,-0.0011652284890995013,-0.005407882334605096,9.769388942375593e-4,-1.8828959486194194e-4,0.0012293065894655026,-0.004178575745139594
Jed Steer,-0.0011652284890995013,-0.005407882334605096,5.102273852668969e-4,-6.550011038326044e-4,7.369510484955264e-4,-0.00467093128610957
Cameron Archer,-0.0011652284890995013,-0.005407882334605096,-4.422419571050579e-5,-0.001209452684810007,-8.111260570751579e-5,-0.005488994940312612
Keinan Davis,-0.0011652284890995013,-0.005407882334605096,-2.2539387966181827e-5,-0.001187767877065683,-6.286208890555738e-5,-0.005470744423510654
Trézéguet,-0.0011652284890995013,-0.005407882334605096,-7.6064248534680645e-6,-0.0011728349139529693,-5.952742467568433e-5,-0.005467409759280781
Jaden Philogene Bidace,-0.0011652284890995013,-0.005407882334605096,-1.977876890070212e-5,-0.0011850072580002033,-1.910033569994512e-5,-0.005426982670305042
Wesley Moraes,-0.0011652284890995013,-0.005407882334605096,-1.7819568990349218e-5,-0.0011830480580898506,-1.7425686946201735e-5,-0.005425308021551298
Lamare Bogarde,-0.0011652284890995013,-0.005407882334605096,NA,NA,NA,NA
Benjamin Chrisene,-0.0011652284890995013,-0.005407882334605096,NA,NA,NA,NA
Josh Feeney,-0.0011652284890995013,-0.005407882334605096,NA,NA,NA,NA
Frederic Guilbert,-0.0011652284890995013,-0.005407882334605096,NA,NA,NA,NA
Conor Hourihane,-0.0011652284890995013,-0.005407882334605096,NA,NA,NA,NA
Kaine Kessler,-0.0011652284890995013,-0.005407882334605096,NA,NA,NA,NA
Filip Marshall,-0.0011652284890995013,-0.005407882334605096,NA,NA,NA,NA
Tommi O'Reilly,-0.0011652284890995013,-0.005407882334605096,NA,NA,NA,NA
Aaron Ramsey,-0.0011652284890995013,-0.005407882334605096,NA,NA,NA,NA
Viljami Sinisalo,-0.0011652284890995013,-0.005407882334605096,NA,NA,NA,NA
James Ward-Prowse,0.02995740285920978,0.037296636417975426,0.00781190311777442,0.0377693059769842,0.018701881373898537,0.05599851779187397
Oriol Romeu,0.009723472600264405,-0.006528283432049031,0.006606546057219036,0.01633001865748344,0.017734835527293605,0.011206552095244574
Mohammed Salisu,-0.014346730053498735,-0.03574489666539882,0.0064636444138688595,-0.007883085639629875,0.017206175434515643,-0.018538721230883175
Jan Bednarek,0.0023789996746279574,-0.03574489666539882,0.006002159816531271,0.008381159491159229,0.014171239003727926,-0.02157365766167089
Kyle Walker-Peters,-0.008173229592589593,-0.021136590048723924,0.006003231634575589,-0.002169997958014004,0.014256848926635703,-0.0068797411220882215
Valentino Livramento,-0.036385866089877705,-0.2402611892988462,0.003454910564537288,-0.032930955525340415,0.013866247750610568,-0.22639494154823564
Mohamed Elyounoussi,-0.014125555277331614,-0.05035320328207349,0.003774141545089746,-0.010351413732241868,0.012605870154870281,-0.03774733312720321
Che Adams,-0.0102726835648137,-0.03574489666539882,0.003906827941837149,-0.0063658556229765515,0.012715903973239465,-0.023028992692159352
Armando Broja,-0.05894194765698124,-0.12339473636544773,0.005034973245011424,-0.053906974411969816,0.011719142571373414,-0.11167559379407432
Nathan Redmond,-0.03429814439141654,-0.03574489666539882,0.0059059141528014615,-0.02839223023861508,0.010500938745543411,-0.025243957919855405
Fraser Forster,-0.0076168681010793104,-0.05035320328207349,0.0034563853524822467,-0.004160482748597064,0.007731441140000841,-0.042621762142072646
Romain Perraud,-0.07712349323159251,-0.021136590048723924,0.005074556489273231,-0.07204893674231928,0.00953966241992007,-0.011596927628803854
Alex McCarthy,-0.03307643335956012,-0.05035320328207349,0.004208237446605021,-0.0288681959129551,0.01148700997694898,-0.03886619330512451
Adam Armstrong,-0.04379860226792953,-0.03574489666539882,0.003951431914103172,-0.03984717035382636,0.009794226875017692,-0.025950669790381124
Stuart Armstrong,-0.04488724820954082,-0.021136590048723924,0.0033645217793104006,-0.04152272643023042,0.007956371157839055,-0.01318021889088487
Ibrahima Diallo,-0.08329218866448929,-0.07956981651542328,0.00206305341039614,-0.08122913525409314,0.003915372704364105,-0.07565444381105917
Nathan Tella,-0.0011652284890995013,-0.005407882334605096,0.0018892929055420837,7.240644164425824e-4,0.0028758970781427823,-0.002531985256462314
Lyanco,-0.0653692326979789,-0.09417812313209795,0.0027548075771620393,-0.06261442512081686,0.004076130167912024,-0.09010199296418592
Jack Stephens,-0.0011652284890995013,-0.005407882334605096,0.002338870268197677,0.0011736417790981757,0.006655938477980466,0.0012480561433753697
Moussa Djenepo,-0.0011652284890995013,-0.005407882334605096,2.5280187761981626e-4,-9.124266114796851e-4,0.0030227203985522945,-0.002385161936052802
Theo Walcott,-0.0011652284890995013,-0.005407882334605096,6.753688638202987e-4,-4.898596252792026e-4,0.0031243864447533715,-0.002283495889851725
Yan Valery,-0.0011652284890995013,-0.005407882334605096,8.427448844031915e-4,-3.2248360469630977e-4,0.001230515087969038,-0.004177367246636058
Shane Long,-0.0011652284890995013,-0.005407882334605096,5.037831778285188e-4,-6.614453112709825e-4,2.7944741771073644e-4,-0.00512843491689436
Willy Caballero,-0.0011652284890995013,-0.005407882334605096,2.110213206085514e-4,-9.542071684909498e-4,3.9461584407514617e-4,-0.005013266490529951
William Smallbone,-0.0011652284890995013,-0.005407882334605096,4.921092773872463e-5,-0.0011160175613607766,1.2881758633045246e-4,-0.005279064748274644
Kgagelo Chauke,-0.0011652284890995013,-0.005407882334605096,NA,NA,NA,NA
Tyler Dibling,-0.0011652284890995013,-0.005407882334605096,NA,NA,NA,NA
Harry Lewis,-0.0011652284890995013,-0.005407882334605096,NA,NA,NA,NA
Dynel Simeu,-0.0011652284890995013,-0.005407882334605096,NA,NA,NA,NA
Thierry Small,-0.0011652284890995013,-0.005407882334605096,NA,NA,NA,NA
Jordan Pickford,0.026539517795787892,0.06651324965132499,0.015323565865333429,0.04186308366112132,0.002500617990412382,0.06901386764173738
Michael Keane,-0.029544153886625235,0.022688329801300533,0.012253344625964807,-0.017290809260660428,-3.088484365360232e-4,0.02237948136476451
Séamus Coleman,-0.029476227801332078,-0.006528283432049031,0.01250152046997943,-0.016974707331352645,0.001227657398038841,-0.00530062603401019
Abdoulaye Doucouré,-0.01665096204468397,0.00808002318462564,0.01231377800231786,-0.00433718404236611,0.0011016007866234375,0.009181623971249078
Richarlison,-0.008370166143913949,0.0519049430346501,0.01243355858675946,0.004063392442845511,0.003509003576621228,0.055413946611271324
Demarai Gray,-0.01617299652941928,-0.05035320328207349,0.009667638101858987,-0.006505358427560294,-2.3845065800805887e-4,-0.05059165394008155
Anthony Gordon,-0.05182533673278544,-0.16721965621547208,0.012489652211137448,-0.039335684521648,0.006311823202275709,-0.16090783301319636
Allan,-0.04106041473272182,0.06651324965132499,0.011122285849901664,-0.02993812888282015,0.0012509161357297791,0.06776416578705477
Mason Holgate,-0.0554291429388023,-0.021136590048723924,0.01055792448320032,-0.04487121845560198,0.002137830759274294,-0.01899875928944963
Ben Godfrey,-0.05683327044565867,-0.021136590048723924,0.008167260877559698,-0.04866600956809897,4.7528964625750465e-4,-0.02066130040246642
Alex Iwobi,-0.046420019266260715,-0.021136590048723924,0.01100648128954489,-0.03541353797671583,0.002490235751201182,-0.018646354297522743
Andros Townsend,-0.05189152055679247,-0.021136590048723924,0.0052095434458457246,-0.046681977110946744,-0.003221023390789919,-0.024357613439513842
Dominic Calvert-Lewin,-0.06228026801689124,0.037296636417975426,0.0033051044202812383,-0.05897516359661,-0.0034263813218644835,0.03387025509611094
Vitaliy Mykolenko,-0.06410945855592032,-0.03574489666539882,0.005503307930603039,-0.05860615062531728,0.0036901140451380105,-0.032054782620260805
Jonjoe Kenny,-0.08564872599238682,-0.06496150989874838,0.006161928300574545,-0.07948679769181227,0.0025352246702860302,-0.06242628522846235
Yerry Mina,-0.0011652284890995013,-0.005407882334605096,0.0035246994245472034,0.002359470935447702,4.7302598573497706e-4,-0.004934856348870119
Salomón Rondón,-0.0011652284890995013,-0.005407882334605096,0.002415445254707592,0.0012502167656080906,-0.0018817877772622318,-0.007289670111867328
Fabian Delph,-0.0011652284890995013,-0.005407882334605096,0.004415401632546944,0.0032501731434474426,0.0028163496991983985,-0.002591532635406698
André Gomes,-0.0011652284890995013,-0.005407882334605096,0.00175826898741106,5.930404983115587e-4,-7.689124883621381e-4,-0.0061767948229672345
Jarrad Branthwaite,-0.0011652284890995013,-0.005407882334605096,0.0014946030206434075,3.2937453154390623e-4,7.576077791507272e-4,-0.004650274555454369
Asmir Begović,-0.0011652284890995013,-0.005407882334605096,3.175149398339625e-4,-8.477135492655388e-4,-7.440362308225976e-4,-0.0061519185654276935
Tom Davies,-0.0011652284890995013,-0.005407882334605096,1.3656291053941623e-4,-0.001028665578560085,-5.792999387497919e-4,-0.005987182273354888
Jean-Philippe Gbamin,-0.0011652284890995013,-0.005407882334605096,2.4817584552239353e-4,-9.170526435771077e-4,-1.2692243689024365e-5,-0.005420574578294121
Ellis Simms,-0.0011652284890995013,-0.005407882334605096,9.992150372365493e-4,-1.6601345186295201e-4,9.89656793098204e-4,-0.004418225541506893
Lewis Dobbin,-0.0011652284890995013,-0.005407882334605096,9.769730457964302e-5,-0.0010675311845198582,8.522064754426963e-5,-0.005322661687060827
Tyler Onyango,-0.0011652284890995013,-0.005407882334605096,1.04913265408787e-4,-0.0010603152236907142,7.723010297932887e-5,-0.005330652231625767
Isaac Price,-0.0011652284890995013,-0.005407882334605096,3.3999058499829625e-5,-0.0011312294305996717,4.993370258213343e-6,-0.005402888964346883
Cenk Tosun,-0.0011652284890995013,-0.005407882334605096,3.699220660628462e-5,-0.0011282362824932167,4.006619304126812e-5,-0.0053678161415638284
Moise Kean,-0.0011652284890995013,-0.005407882334605096,-6.422061148208482e-6,-0.0011716505502477098,-1.5267017395353026e-5,-0.005423149352000449
Nathan Broadhead,-0.0011652284890995013,-0.005407882334605096,NA,NA,NA,NA
Andy Lonergan,-0.0011652284890995013,-0.005407882334605096,NA,NA,NA,NA
Niels Nkounkou,-0.0011652284890995013,-0.005407882334605096,NA,NA,NA,NA
Nathan Patterson,-0.0011652284890995013,-0.005407882334605096,NA,NA,NA,NA
Harry Tyrer,-0.0011652284890995013,-0.005407882334605096,NA,NA,NA,NA
Reece Welch,-0.0011652284890995013,-0.005407882334605096,NA,NA,NA,NA
Charlie Whitaker,-0.0011652284890995013,-0.005407882334605096,NA,NA,NA,NA
Illan Meslier,-5.968463057339779e-4,-0.021136590048723924,0.007020088683472462,0.006423242377738484,0.009312870124142126,-0.011823719924581798
Stuart Dallas,-0.0014980877361823186,-0.05035320328207349,0.006276860735032822,0.004778772998850504,0.009614371154319115,-0.04073883212775437
Raphael Dias Belloli,0.03838081740011057,0.0519049430346501,0.005842848798434873,0.04422366619854544,0.0072975569332139525,0.05920249996786405
Jack Harrison,-0.03096748993960441,-0.006528283432049031,0.005731616419166424,-0.025235873520437983,0.007846449631204677,0.001318166199155646
Diego Llorente,-0.025330026833657815,-0.021136590048723924,0.003688436033997956,-0.021641590799659858,0.0031988203090325663,-0.01793776973969136
Rodrigo,0.0030628433777835085,0.00808002318462564,0.004029330364967697,0.007092173742751205,0.004760788614511322,0.012840811799136962
Luke Ayling,-0.01191932824732822,-0.03574489666539882,0.004760929059211129,-0.0071583991881170915,0.008841000686570122,-0.026903895978828696
Mateusz Klich,-0.029045266614058374,-0.05035320328207349,0.004650525554688763,-0.02439474105936961,0.006872795856362236,-0.04348040742571126
Pascal Struijk,-0.02246147387461317,-0.06496150989874838,0.004980522930760176,-0.017480950943852994,0.008808481923350635,-0.05615302797539774
Liam Cooper,-0.04612546581424226,-0.05035320328207349,0.002242641571341919,-0.04388282424290034,0.0016111674048532455,-0.048742035877220244
Junior Firpo,-8.633245172293691e-4,-0.006528283432049031,0.005193349352408238,0.004330024835178869,0.006612102801613119,8.38193695640874e-5
Kalvin Phillips,-0.014388360767973563,0.037296636417975426,0.003633722282215756,-0.010754638485757806,0.002826401250546734,0.04012303766852216
Robin Koch,-0.06489238363702277,-0.021136590048723924,0.003591138778451071,-0.0613012448585717,0.0047977217802066905,-0.016338868268517236
Adam Forshaw,-0.04495798869704504,-0.10878642974877284,0.004681810204927747,-0.04027617849211729,0.0066952392679293475,-0.10209119048084349
Tyler Roberts,-0.07554887932968102,-0.07956981651542328,0.001996819124328013,-0.073552060205353,0.0023988097575929255,-0.07717100675783035
Jamie Shackleton,-0.0011652284890995013,-0.005407882334605096,0.0012580080451449832,9.277955604548188e-5,0.0012098819052631673,-0.004198000429341929
Patrick Bamford,-0.0011652284890995013,-0.005407882334605096,-8.454682073685554e-5,-0.0012497753098363567,0.0018756716567190702,-0.003532210677886026
Joe Gelhardt,-0.0011652284890995013,-0.005407882334605096,0.0018266441725827154,6.614156834832141e-4,0.0014051892554135964,-0.0040026930791915005
Sam Greenwood,-0.0011652284890995013,-0.005407882334605096,2.987118930884814e-4,-8.6651659601102e-4,-4.262762791205938e-4,-0.00583415861372569
Lewis Bate,-0.0011652284890995013,-0.005407882334605096,4.169151698517562e-4,-7.48313319247745e-4,3.2329454121539386e-4,-0.005084587793389703
Charlie Cresswell,-0.0011652284890995013,-0.005407882334605096,3.1842551822830435e-4,-8.468029708711969e-4,5.601881824838375e-4,-0.004847694152121259
Cody Drameh,-0.0011652284890995013,-0.005407882334605096,1.9040019204687506e-4,-9.748282970526263e-4,2.4257350149825495e-4,-0.005165308833106842
Leo Fuhr Hjelde,-0.0011652284890995013,-0.005407882334605096,-7.675637788686882e-5,-0.00124198486698637,2.6029085891265345e-4,-0.005147591475692443
Crysencio Summerville,-0.0011652284890995013,-0.005407882334605096,1.4424428918235037e-4,-0.001020984199917151,1.9070635015421312e-4,-0.005217175984450883
Kristoffer Klaesson,-0.0011652284890995013,-0.005407882334605096,1.2344081544040546e-4,-0.0010417876736590957,1.6329881539992082e-4,-0.005244583519205176
Hélder Costa,-0.0011652284890995013,-0.005407882334605096,1.0676363768877796e-4,-0.0010584648514107232,2.3409145520594124e-4,-0.005173790879399155
Liam McCarron,-0.0011652284890995013,-0.005407882334605096,-7.389030150995941e-6,-0.0011726175192504971,-1.488752931715839e-5,-0.005422769863922255
Stuart McKinstry,-0.0011652284890995013,-0.005407882334605096,3.2555155943520197e-6,-0.0011619729735051492,1.7617301674828158e-6,-0.005406120604437613
Nohan Kenneh,-0.0011652284890995013,-0.005407882334605096,NA,NA,NA,NA
Archie Gray,-0.0011652284890995013,-0.005407882334605096,NA,NA,NA,NA
Jack Jenkins,-0.0011652284890995013,-0.005407882334605096,NA,NA,NA,NA
Kris Moore,-0.0011652284890995013,-0.005407882334605096,NA,NA,NA,NA
Nick Pope,0.04738256560640575,0.06651324965132499,0.01814247766076597,0.06552504326717172,0.008370433387638963,0.07488368303896395
Dwight McNeil,-0.020745092006176913,-0.021136590048723924,0.016932614435134004,-0.003812477571042909,0.007012872491117922,-0.014123717557606002
James Tarkowski,-0.03915819312267632,0.037296636417975426,0.01634446581236196,-0.02281372731031436,0.006738304685553984,0.04403494110352941
Josh Brownhill,-0.03257946680638768,-0.03574489666539882,0.016511202570672068,-0.016068264235715612,0.009049763785335271,-0.026695132880063546
Charlie Taylor,-0.02494896101649058,-0.03574489666539882,0.013052549817706961,-0.011896411198783617,0.005004831553399817,-0.030740065111999
Ashley Westwood,-0.039362893694537604,-0.006528283432049031,0.01206585478813596,-0.027297038906401644,0.004450635659915423,-0.002077647772133608
Ben Mee,-0.038791562090900955,0.00808002318462564,0.011139603159201041,-0.027651958931699916,0.004590166225653735,0.012670189410279375
Maxwel Cornet,-0.019385764641930203,-0.05035320328207349,0.00872533935344309,-0.010660425288487114,0.004523702624283962,-0.045829500657789526
Matthew Lowton,-0.06797176523965653,-0.03574489666539882,0.00950667945479499,-0.058465085784861544,0.0038445678852256724,-0.03190032878017315
Jack Cork,-0.06671459060693485,-0.03574489666539882,0.010986026051231343,-0.05572856455570351,0.005855139331496775,-0.02988975733390204
Connor Roberts,-0.06536015626406688,-0.05035320328207349,0.010871160192448286,-0.0544889960716186,0.006428134523247969,-0.04392506875882552
Nathan Collins,-0.04094738830913891,-0.10878642974877284,0.007251913682067664,-0.033695474627071245,0.0030596660838511903,-0.10572676366492165
Aaron Lennon,-0.09890812215027389,-0.07956981651542328,0.008806960623005143,-0.09010116152726874,0.00302630026098778,-0.07654351625443549
Wout Weghorst,-0.04032918704137467,0.06651324965132499,0.00818266340881258,-0.03214652363256209,0.003814376027316387,0.07032762567864138
Jay Rodriguez,-0.06892713734900813,-0.06496150989874838,0.008575069123803786,-0.06035206822520434,0.0040711711737014015,-0.06089033872504698
Jóhann Berg Guðmundsson,-0.08756449253441545,-0.05035320328207349,0.00588199211794508,-0.08168250041647038,0.0017883660391513915,-0.0485648372429221
Ashley Barnes,-0.0011652284890995013,-0.005407882334605096,0.004901968189145379,0.0037367397000458774,0.004281744642861862,-0.001126137691743234
Erik Pieters,-0.0011652284890995013,-0.005407882334605096,0.005934880718556038,0.004769652229456536,0.0038704183307635416,-0.0015374640038415548
Matěj Vydra,-0.0011652284890995013,-0.005407882334605096,0.0018417415600983185,6.765130709988172e-4,2.559491276135371e-5,-0.005382287421843743
Kevin Long,-0.0011652284890995013,-0.005407882334605096,0.0032266337257493825,0.002061405236649881,0.0032188029760760605,-0.002189079358529036
Wayne Hennessey,-0.0011652284890995013,-0.005407882334605096,6.403891409580095e-4,-5.248393481414918e-4,2.4121868256591394e-4,-0.005166663652039182
Dale Stephens,-0.0011652284890995013,-0.005407882334605096,7.25494463916719e-5,-0.0010926790427078293,-5.852178201901073e-4,-0.005993100154795204
Phil Bardsley,-0.0011652284890995013,-0.005407882334605096,NA,NA,NA,NA
Dara Costelloe,-0.0011652284890995013,-0.005407882334605096,NA,NA,NA,NA
Owen Dodgson,-0.0011652284890995013,-0.005407882334605096,NA,NA,NA,NA
Anthony Gomez Mancini,-0.0011652284890995013,-0.005407882334605096,NA,NA,NA,NA
Joseph McGlynn,-0.0011652284890995013,-0.005407882334605096,NA,NA,NA,NA
Will Norris,-0.0011652284890995013,-0.005407882334605096,NA,NA,NA,NA
Lewis Richardson,-0.0011652284890995013,-0.005407882334605096,NA,NA,NA,NA
Bobby Thomas,-0.0011652284890995013,-0.005407882334605096,NA,NA,NA,NA
Sam Waller,-0.0011652284890995013,-0.005407882334605096,NA,NA,NA,NA
Emmanuel Dennis,0.009080915618192353,-0.06496150989874838,0.01110910656564631,0.02019002218383866,0.016500320454509963,-0.04846118944423842
Craig Cathcart,-0.04731276527575945,-0.09417812313209795,0.010934880206142094,-0.03637788506961735,0.01677945973767824,-0.0773986633944197
Joshua King,-0.027150192902676507,-0.05035320328207349,0.010427015980395478,-0.01672317692228103,0.016289332753324566,-0.03406387052874892
Ben Foster,-0.006185062803683694,-0.006528283432049031,0.00847641800813019,0.0022913552044464963,0.012920977953378356,0.006392694521329324
Kiko Femenía,-0.03669855288861812,-0.05035320328207349,0.008100538200152302,-0.028598014688465817,0.011709956074367183,-0.0386432472077063
Juraj Kucka,-0.03889937774330199,-0.021136590048723924,0.007460637740878808,-0.03143874000242318,0.01184241431502889,-0.009294175733695035
Ismaila Sarr,-0.041628661731236916,-0.006528283432049031,0.007460745754193377,-0.034167915977043536,0.010448128168769368,0.003919844736720336
Tom Cleverley,-0.07031777785382243,-0.06496150989874838,0.007981810143066006,-0.06233596771075642,0.01104867407331301,-0.05391283582543537
Samir Santos,-0.041435878388127234,-0.07956981651542328,0.0066936864897115715,-0.03474219189841566,0.010354762092091152,-0.06921505442333212
Hassane Kamara,-0.06974390109899398,-0.021136590048723924,0.007081219312883154,-0.06266268178611083,0.010350545104795666,-0.010786044943928258
Imran Louza,-0.05116970865441828,-0.05035320328207349,0.007683931838035279,-0.043485776816383,0.011277731284717799,-0.03907547199735569
João Pedro,-0.0317744317875277,-0.10878642974877284,0.006316918679423621,-0.025457513108104082,0.010656060724629756,-0.09813036902414309
William Troost-Ekong,-0.06336518999812712,-0.07956981651542328,0.006225174542491562,-0.05714001545563556,0.009470235278710973,-0.0700995812367123
Adam Masina,-0.07530911038031318,-0.06496150989874838,0.005070897797725728,-0.07023821258258746,0.00869534696157284,-0.05626616293717554
Christian Kabasele,-0.05824273865636509,-0.05035320328207349,0.004460904378887142,-0.053781834277477944,0.006700139436822666,-0.04365306384525082
Daniel Bachmann,2.3032423110058708e-4,-0.12339473636544773,0.0059221043308746064,0.0061524285619751935,0.009295335644297438,-0.1140994007211503
Cucho,-0.0925025961678898,-0.05035320328207349,0.004552383278737613,-0.0879502128891522,0.006028125643566745,-0.044325077638506745
Jeremy Ngakia,-0.12865293357922947,-0.1380030429821224,0.004006687340694218,-0.12464624623853525,0.006555750690156322,-0.13144729229196608
Edo Kayembe,-0.0011652284890995013,-0.005407882334605096,0.0028275349935450726,0.0016623065044455714,0.00497466973774276,-4.332125968623361e-4
Ken Sema,-0.0011652284890995013,-0.005407882334605096,0.0031709957044848396,0.0020057672153853384,0.00601480043821246,6.069181036073637e-4
Danny Rose,-0.0011652284890995013,-0.005407882334605096,0.0024447459577679512,0.00127951746866845,0.00372903522275861,-0.0016788471118464863
Francisco Sierralta,-0.0011652284890995013,-0.005407882334605096,0.0024630429508705853,0.001297814461771084,0.00414574427773186,-0.0012621380568732365
Oghenekaro Etebo,-0.0011652284890995013,-0.005407882334605096,0.0017102292151909564,5.450007260914551e-4,0.002761367723319829,-0.002646514611285267
Ozan Tufan,-0.0011652284890995013,-0.005407882334605096,3.9750302009124535e-4,-7.67725469008256e-4,9.047169841706433e-4,-0.004503165350434453
Samuel Kalu,-0.0011652284890995013,-0.005407882334605096,5.636206811501402e-4,-6.01607807949361e-4,0.001267621889636574,-0.004140260444968522
Nicolas Nkoulou,-0.0011652284890995013,-0.005407882334605096,7.020961305308792e-4,-4.6313235856862206e-4,0.0012876146710149054,-0.004120267663590191
Dan Gosling,-0.0011652284890995013,-0.005407882334605096,3.2995156331526313e-4,-8.352769257842381e-4,9.965462717888335e-4,-0.004411336062816263
Ashley Fletcher,-0.0011652284890995013,-0.005407882334605096,7.748582528478818e-5,-0.001087742663814713,1.5499328371511325e-4,-0.005252889050889983
Troy Deeney,-0.0011652284890995013,-0.005407882334605096,5.718521847028477e-6,-0.0011595099672524728,4.743857981713726e-6,-0.005403138476623382
Vincent Angelini,-0.0011652284890995013,-0.005407882334605096,NA,NA,NA,NA
Kwadwo Baah,-0.0011652284890995013,-0.005407882334605096,NA,NA,NA,NA
Adrian Blake,-0.0011652284890995013,-0.005407882334605096,NA,NA,NA,NA
Kamil Conteh,-0.0011652284890995013,-0.005407882334605096,NA,NA,NA,NA
Tiago Çukur,-0.0011652284890995013,-0.005407882334605096,NA,NA,NA,NA
Rob Elliot,-0.0011652284890995013,-0.005407882334605096,NA,NA,NA,NA
Shaqai Forde,-0.0011652284890995013,-0.005407882334605096,NA,NA,NA,NA
Jack Grieves,-0.0011652284890995013,-0.005407882334605096,NA,NA,NA,NA
James Morris,-0.0011652284890995013,-0.005407882334605096,NA,NA,NA,NA
Teemu Pukki,-0.01751870901014918,-0.03574489666539882,0.011079703260953234,-0.006439005749195946,0.020737101835853883,-0.015007794829544934
Grant Hanley,0.009874445887106953,-0.05035320328207349,0.010387748335703967,0.02026219422281092,0.01912470438409331,-0.03122849889798018
Max Aarons,-0.021421871227361944,-0.05035320328207349,0.010536699733721414,-0.01088517149364053,0.01937739950393955,-0.03097580377813394
Kenny McLean,-0.06782415518041485,-0.07956981651542328,0.00831028063433085,-0.059513874546084,0.015120009969462436,-0.06444980654596084
Tim Krul,0.025124966681360217,-0.021136590048723924,0.007367610856214743,0.03249257753757496,0.015617982265297817,-0.005518607783426107
Ben Gibson,-0.02050984723595284,-0.09417812313209795,0.008336723137764037,-0.012173124098188801,0.014757003010709207,-0.07942112012138874
Pierre Lees-Melou,-0.039310662257511675,-0.03574489666539882,0.00793375883501961,-0.03137690342249207,0.014367994563281385,-0.021376902102117432
Milot Rashica,-0.065774028248341,-0.021136590048723924,0.00808334560162899,-0.05769068264671201,0.012592907053781252,-0.008543682994942672
Billy Gilmour,-0.013520997358562603,-0.09417812313209795,0.007572449046017617,-0.005948548312544986,0.013645064760576841,-0.08053305837152111
Mathias Normann,-0.0378723878378171,-0.03574489666539882,0.005041149542771994,-0.032831238295045105,0.009373676751328202,-0.026371219914070616
Josh Sargent,-0.08676689541566507,-0.10878642974877284,0.005877328340366947,-0.08088956707529812,0.011188905426697758,-0.09759752432207508
Dimitris Giannoulis,-0.041260536951885474,-0.06496150989874838,0.004267582501807799,-0.03699295445007768,0.008564356218689543,-0.05639715368005884
Sam Byram,-0.059418267061455365,-0.07956981651542328,0.00253883041158668,-0.056879436649868685,0.0050161352214913545,-0.07455368129393192
Ozan Kabak,-0.032089750316150134,-0.03574489666539882,0.00274278678144486,-0.029346963534705273,0.006507109319995612,-0.029237787345403207
Kieran Dowell,-0.0803809509470752,-0.10878642974877284,0.002580543968838883,-0.07780040697823631,0.0053629397061811315,-0.10342349004259171
Angus Gunn,-0.0011652284890995013,-0.005407882334605096,0.004065313508437933,0.002900085019338432,0.00540095422338494,-6.928111220156144e-6
Lukas Rupp,-0.0011652284890995013,-0.005407882334605096,0.0032499329740733776,0.0020847044849738763,0.006530518467868936,0.0011226361332638398
Adam Idah,-0.0011652284890995013,-0.005407882334605096,0.0011281143752713781,-3.7114113828123126e-5,0.0014800536585792782,-0.003927828676025818
Jakob Sørensen,-0.0011652284890995013,-0.005407882334605096,0.0011581490256841593,-7.0794634153420206e-6,0.002783978974470667,-0.0026239033601344296
Przemysław Płacheta,-0.0011652284890995013,-0.005407882334605096,0.0019217931833455607,7.565646942460594e-4,0.0032573839031006004,-0.002150498431504496
Todd Cantwell,-0.0011652284890995013,-0.005407882334605096,0.0018182524608881332,6.53023971788632e-4,0.0034352943017968117,-0.0019725880328082847
Andrew Omobamidele,-0.0011652284890995013,-0.005407882334605096,0.0010865613625262313,-7.866712657327002e-5,0.0016463993362840989,-0.0037614829983209975
Christos Tzolis,-0.0011652284890995013,-0.005407882334605096,1.8522957377566367e-4,-9.799989153238377e-4,7.396407947136529e-4,-0.004668241539891443
Christoph Zimmermann,-0.0011652284890995013,-0.005407882334605096,5.918461094180641e-4,-5.733823796814372e-4,9.117104153725246e-4,-0.004496171919232572
Tony Springett,-0.0011652284890995013,-0.005407882334605096,6.551252888040268e-4,-5.101032002954745e-4,0.0011976653879806438,-0.004210216946624453
Jon Rowe,-0.0011652284890995013,-0.005407882334605096,2.8990829068741963e-4,-8.753201984120816e-4,5.839593512167665e-4,-0.0048239229833883296
Bali Mumba,-0.0011652284890995013,-0.005407882334605096,2.524888886111748e-4,-9.127396004883265e-4,3.4935745716880965e-4,-0.005058524877436287
Thomas Dickson-Peters,-0.0011652284890995013,-0.005407882334605096,NA,NA,NA,NA
Liam Gibbs,-0.0011652284890995013,-0.005407882334605096,NA,NA,NA,NA
Abu Kamara,-0.0011652284890995013,-0.005407882334605096,NA,NA,NA,NA
Jon McCracken,-0.0011652284890995013,-0.005407882334605096,NA,NA,NA,NA
Michael McGovern,-0.0011652284890995013,-0.005407882334605096,NA,NA,NA,NA
Jonathan Tomkinson,-0.0011652284890995013,-0.005407882334605096,NA,NA,NA,NA
