Player,weighted_pred,scaled_pred,adj_overall,total_min,adj_scaled,pred_scaled,pred_scaled_int
Ederson,88.14835514405634,3.693687678128469,89,3330,0.1541630893513739,0.14172200016723502,0.18468438390642344
João Cancelo,88.3915539325114,3.785526867233763,86,3227,0.11033816950134945,0.1452747226377904,0.18927634336168814
Rodri,87.50666458599585,3.4513659918932245,86,2884,0.11033816950134945,0.13234798774206213,0.17256829959466122
Bernardo Silva,86.60290821223154,3.1100803586772012,86,2857,0.11033816950134945,0.11914563752733898,0.15550401793386007
Aymeric Laporte,86.94222412478388,3.2382162694573973,86,2828,0.11033816950134945,0.12410246841782024,0.16191081347286987
Rúben Dias,87.2370028902783,3.3495336117864705,87,2402,0.12494647611802412,0.12840868700824792,0.16747668058932352
Kevin De Bruyne,86.60225618469316,3.109834133435786,91,2201,0.18337970258472347,0.11913611250913592,0.1554917066717893
Phil Foden,87.30791480669286,3.376312087710576,84,2128,0.08112155626799966,0.12944459002600772,0.1688156043855288
Raheem Sterling,86.64788924618752,3.1270665521935315,88,2128,0.139554782734699,0.11980273426330301,0.15635332760967657
Jack Grealish,85.99605117712191,2.8809128600997584,84,1914,0.08112155626799966,0.11028048388597145,0.14404564300498793
Gabriel Jesus,86.32615970155581,3.005571783745491,83,1877,0.06651324965132499,0.11510281042767989,0.15027858918727455
İlkay Gündoğan,87.76582784764388,3.549233847020455,85,1857,0.09572986288467455,0.1361339241319941,0.17746169235102277
Kyle Walker,82.89184237178354,1.7086700980908145,85,1755,0.09572986288467455,0.0649332498554065,0.08543350490454073
Riyad Mahrez,83.56571764131496,1.963145700971184,86,1498,0.11033816950134945,0.07477742641411589,0.0981572850485592
John Stones,80.48767725729758,0.8007849232005351,83,1119,0.06651324965132499,0.0298124687058825,0.040039246160026756
Oleksandr Zinchenko,84.35965586658338,2.2629606929435693,80,1047,0.022688329801300533,0.08637551944353561,0.11314803464717846
Fernandinho,81.80161436825611,1.2969671598488166,83,964,0.06651324965132499,0.0490068648977926,0.06484835799244083
Nathan Aké,81.05322472090688,1.0143526830910492,78,923,-0.006528283432049031,0.03807415946057002,0.05071763415455246
Ferrán Torres,78.36712365667543,0,NA,NA,-0.00540788233460503,-0.0011652284890995013,0
Cole Palmer,78.36712365667543,0,NA,NA,-0.00540788233460503,-0.0011652284890995013,0
Zack Steffen,78.36712365667543,0,NA,NA,-0.00540788233460503,-0.0011652284890995013,0
Benjamin Mendy,78.36712365667543,0,NA,NA,-0.00540788233460503,-0.0011652284890995013,0
James Mcatee,78.36712365667543,0,NA,NA,-0.00540788233460503,-0.0011652284890995013,0
Liam Delap,78.36712365667543,0,NA,NA,-0.00540788233460503,-0.0011652284890995013,0
Kayky Chagas,78.36712365667543,0,NA,NA,-0.00540788233460503,-0.0011652284890995013,0
CJ Egan-Riley,78.36712365667543,0,NA,NA,-0.00540788233460503,-0.0011652284890995013,0
Scott Carson,78.36712365667543,0,NA,NA,-0.00540788233460503,-0.0011652284890995013,0
Thomas Doyle,78.36712365667543,0,NA,NA,-0.00540788233460503,-0.0011652284890995013,0
Samuel Edozie,78.36712365667543,0,NA,NA,-0.00540788233460503,-0.0011652284890995013,0
Roméo Lavia,78.36712365667543,0,NA,NA,-0.00540788233460503,-0.0011652284890995013,0
Luke Mbete-Tatu,78.36712365667543,0,NA,NA,-0.00540788233460503,-0.0011652284890995013,0
Cieran Slicker,78.36712365667543,0,NA,NA,-0.00540788233460503,-0.0011652284890995013,0
Josh Wilson-Esbrand,78.36712365667543,0,NA,NA,-0.00540788233460503,-0.0011652284890995013,0
Alisson,87.27274295832471,3.363030138182846,89,3240,0.1541630893513739,0.12893078888077047,0.1681515069091423
Virgil van Dijk,82.84423101268695,1.6906906145604512,89,3060,0.1541630893513739,0.06423772852328691,0.08453453072802256
Trent Alexander-Arnold,85.43065663927527,2.6674028495842532,87,2853,0.12494647611802412,0.10202102711771444,0.13337014247921267
Sadio Mané,87.65663856693085,3.5080006851968406,89,2819,0.1541630893513739,0.134538853640084,0.17540003425984202
Joël Matip,83.03468884744228,1.762613230679537,83,2790,0.06651324965132499,0.06701999497094091,0.08813066153397685
Mohamed Salah,90.13389431734151,4.443487086134161,89,2762,0.1541630893513739,0.17072736521000387,0.22217435430670807
Jordan Henderson,82.3135305442557,1.4902821298465905,84,2597,0.08112155626799966,0.05648509335883034,0.07451410649232952
Andrew Robertson,84.3933563134978,2.2756869969550655,87,2537,0.12494647611802412,0.0868678259051805,0.11378434984775328
Diogo Jota,85.1923430199938,2.577408447529071,82,2364,0.0519049430346501,0.09853966869632114,0.12887042237645355
Fabinho,81.11434495741202,1.0374335256980938,86,2314,0.11033816950134945,0.038967022615920666,0.05187167628490469
Thiago Alcántara,84.88515742091548,2.4614059110715747,86,1534,0.11033816950134945,0.09405220727675823,0.12307029555357873
Naby Keïta,80.21147756018797,0.696483596804902,80,1173,0.022688329801300533,0.025777658843072704,0.0348241798402451
Ibrahima Konaté,77.32976317045411,-0.39173857102517423,78,990,-0.006528283432049031,-0.016319308543843336,-0.019586928551258712
Luis Díaz,85.32550294133473,2.627693645391131,80,958,0.022688329801300533,0.10048490965632184,0.13138468226955655
Roberto Firmino,85.44965402453587,2.6745768345721643,85,990,0.09572986288467455,0.1022985467465165,0.13372884172860822
Curtis Jones,78.36712365667543,0,NA,NA,-0.00540788233460503,-0.0011652284890995013,0
Kostas Tsimikas,78.36712365667543,0,NA,NA,-0.00540788233460503,-0.0011652284890995013,0
James Milner,78.36712365667543,0,NA,NA,-0.00540788233460503,-0.0011652284890995013,0
Alex Oxlade-Chamberlain,78.36712365667543,0,NA,NA,-0.00540788233460503,-0.0011652284890995013,0
Harvey Elliott,78.36712365667543,0,NA,NA,-0.00540788233460503,-0.0011652284890995013,0
Joe Gomez,78.36712365667543,0,NA,NA,-0.00540788233460503,-0.0011652284890995013,0
Caoimhín Kelleher,78.36712365667543,0,NA,NA,-0.00540788233460503,-0.0011652284890995013,0
Takumi Minamino,78.36712365667543,0,NA,NA,-0.00540788233460503,-0.0011652284890995013,0
Tyler Morton,78.36712365667543,0,NA,NA,-0.00540788233460503,-0.0011652284890995013,0
Divock Origi,78.36712365667543,0,NA,NA,-0.00540788233460503,-0.0011652284890995013,0
Kaide Gordon,78.36712365667543,0,NA,NA,-0.00540788233460503,-0.0011652284890995013,0
Neco Williams,78.36712365667543,0,NA,NA,-0.00540788233460503,-0.0011652284890995013,0
Adrián,78.36712365667543,0,NA,NA,-0.00540788233460503,-0.0011652284890995013,0
Owen Beck,78.36712365667543,0,NA,NA,-0.00540788233460503,-0.0011652284890995013,0
Conor Bradley,78.36712365667543,0,NA,NA,-0.00540788233460503,-0.0011652284890995013,0
Nathaniel Phillips,78.36712365667543,0,NA,NA,-0.00540788233460503,-0.0011652284890995013,0
Marcelo Pitaluga,78.36712365667543,0,NA,NA,-0.00540788233460503,-0.0011652284890995013,0
Jarrell Quansah,78.36712365667543,0,NA,NA,-0.00540788233460503,-0.0011652284890995013,0
Rhys Williams,78.36712365667543,0,NA,NA,-0.00540788233460503,-0.0011652284890995013,0
Ben Woodburn,78.36712365667543,0,NA,NA,-0.00540788233460503,-0.0011652284890995013,0
Edouard Mendy,83.67536682849854,2.00455253733318,83,3060,0.06651324965132499,0.07637921536076275,0.10022762686665901
Antonio Rüdiger,83.46656822197302,1.9257038932612447,83,3035,0.06651324965132499,0.07332902129550356,0.09628519466306223
Thiago Silva,81.64225009725453,1.2367864101250337,85,2650,0.09572986288467455,0.046678822763258854,0.06183932050625168
Mason Mount,84.44487407941735,2.295141657385832,83,2363,0.06651324965132499,0.08762041322593928,0.11475708286929161
Jorginho,82.74600915558581,1.6535990822962954,85,2273,0.09572986288467455,0.06280287351829439,0.08267995411481477
Marcos Alonso,80.98855217886904,0.9899303828984198,79,2167,0.00808002318462564,0.037129403136801464,0.049496519144920995
César Azpilicueta,81.5653304590043,1.2077392374476943,83,2070,0.06651324965132499,0.045555157102855626,0.060386961872384716
Reece James,87.35088217404406,3.392537860053402,81,1864,0.037296636417975426,0.13007227050278525,0.16962689300267011
Kai Havertz,83.62307670649919,1.9848062119787493,84,1809,0.08112155626799966,0.075615345225573,0.09924031059893747
N'Golo Kanté,83.1649971981372,1.811821589559503,90,1773,0.16877139596804858,0.06892357931260551,0.09059107947797515
Andreas Christensen,79.46901716663983,0.4161081849065872,80,1496,0.022688329801300533,0.0149315697633845,0.020805409245329358
Trevoh Chalobah,82.97615375172776,1.7405086151147455,73,1449,-0.07956981651542328,0.06616489634490685,0.08702543075573728
Romelu Lukaku,78.33122658939861,-0.01355581403552343,88,1589,0.139554782734699,-0.0016896238545187625,-6.777907017761715e-4
Mateo Kovačić,82.71696057232587,1.6426294621423567,83,1558,0.06651324965132499,0.0623785229072531,0.08213147310711784
Timo Werner,79.1190581037132,0.2839530999104746,84,1283,0.08112155626799966,0.009819260468868052,0.014197654995523732
Hakim Ziyech,81.26837410743957,1.0955995730167143,84,1319,0.08112155626799966,0.04121712766742891,0.05477997865083571
Ruben Loftus-Cheek,81.11952504014717,1.03938968099359,75,1394,-0.05035320328207349,0.03904269485281553,0.05196948404967951
Christian Pulisic,77.67012951099592,-0.26320598699105635,82,1290,0.0519049430346501,-0.011347132679213168,-0.013160299349552818
Callum Hudson-Odoi,78.61687699407696,0.09431438424922792,77,962,-0.021136590048723924,0.002483244842199861,0.004715719212461396
Malang Sarr,78.36712365667543,0,NA,NA,-0.00540788233460503,-0.0011652284890995013,0
Ben Chilwell,78.36712365667543,0,NA,NA,-0.00540788233460503,-0.0011652284890995013,0
Saúl Ñíguez,78.36712365667543,0,NA,NA,-0.00540788233460503,-0.0011652284890995013,0
Kepa Arrizabalaga,78.36712365667543,0,NA,NA,-0.00540788233460503,-0.0011652284890995013,0
Ross Barkley,78.36712365667543,0,NA,NA,-0.00540788233460503,-0.0011652284890995013,0
Kenedy,78.36712365667543,0,NA,NA,-0.00540788233460503,-0.0011652284890995013,0
Emerson Palmieri,78.36712365667543,0,NA,NA,-0.00540788233460503,-0.0011652284890995013,0
Tammy Abraham,78.36712365667543,0,NA,NA,-0.00540788233460503,-0.0011652284890995013,0
Marcus Bettinelli,78.36712365667543,0,NA,NA,-0.00540788233460503,-0.0011652284890995013,0
Lewis Hall,78.36712365667543,0,NA,NA,-0.00540788233460503,-0.0011652284890995013,0
Harvey Vale,78.36712365667543,0,NA,NA,-0.00540788233460503,-0.0011652284890995013,0
Kurt Zouma,77.47294066861909,-0.3376704343657448,81,2078,0.037296636417975426,-0.014227727750041108,-0.01688352171828724
Hugo Lloris,84.19555042278198,2.20098953353843,87,3420,0.12494647611802412,0.0839782168030192,0.11004947667692151
Harry Kane,86.78121889481031,3.1774158441904095,90,3232,0.16877139596804858,0.12175045465147827,0.15887079220952047
Pierre Højbjerg,83.2307232630879,1.836641731742362,83,3196,0.06651324965132499,0.06988372582211255,0.0918320865871181
Eric Dier,81.90873414591971,1.3374188149753063,79,3071,0.00808002318462564,0.05057170345461248,0.06687094074876532
Son Heung-min,86.69344731695496,3.144270652193629,89,3006,0.1541630893513739,0.12046826052993787,0.15721353260968146
Ben Davies,78.7615497236947,0.1489471653504286,73,2538,-0.07956981651542328,0.004596668435526974,0.00744735826752143
Emerson,78.7732477406093,0.1533646889507819,79,2286,0.00808002318462564,0.0047675566534226554,0.007668234447539095
Sergio Reguilón,79.78023293517417,0.5336326347631949,81,1916,0.037296636417975426,0.0194779051340781,0.026681631738159746
Cristian Romero,79.87215949532495,0.568346873247351,82,1844,0.0519049430346501,0.020820796510977013,0.02841734366236755
Lucas Moura,78.4811339232967,0.04305371133915024,81,1775,0.037296636417975426,5.002684431527626e-4,0.002152685566957512
Davinson Sánchez,80.17862539290503,0.6840776287374495,79,1631,0.00808002318462564,0.02529774431038123,0.034203881436872474
Rodrigo Bentancur,83.9205270352123,2.097132417062469,78,1361,-0.006528283432049031,0.07996059083064488,0.10485662085312344
Oliver Skipp,78.01401516713884,-0.13334440336337625,75,1350,-0.05035320328207349,-0.006323545573201139,-0.006667220168168812
Dejan Kulusevski,83.59504236559448,1.974219600293117,81,1261,0.037296636417975426,0.07520581097784063,0.09871098001465585
Ryan Sessegnon,78.27999772305424,-0.03290137728334434,75,1047,-0.05035320328207349,-0.0024379908417020424,-0.001645068864167217
Japhet Tanganga,78.36712365667543,0,NA,NA,-0.00540788233460503,-0.0011652284890995013,0
Harry Winks,78.74421528283011,0.1424011582641657,77,912,-0.021136590048723924,0.004343441608348542,0.007120057913208284
Matt Doherty,78.36712365667543,0,NA,NA,-0.00540788233460503,-0.0011652284890995013,0
Dele Alli,78.36712365667543,0,NA,NA,-0.00540788233460503,-0.0011652284890995013,0
Tanguy Ndombele,78.36712365667543,0,NA,NA,-0.00540788233460503,-0.0011652284890995013,0
Steven Bergwijn,78.36712365667543,0,NA,NA,-0.00540788233460503,-0.0011652284890995013,0
Giovani Lo Celso,78.36712365667543,0,NA,NA,-0.00540788233460503,-0.0011652284890995013,0
Bryan,78.36712365667543,0,NA,NA,-0.00540788233460503,-0.0011652284890995013,0
Joe Rodon,78.36712365667543,0,NA,NA,-0.00540788233460503,-0.0011652284890995013,0
Dane Scarlett,78.36712365667543,0,NA,NA,-0.00540788233460503,-0.0011652284890995013,0
Brandon Austin,78.36712365667543,0,NA,NA,-0.00540788233460503,-0.0011652284890995013,0
Jamie Bowden,78.36712365667543,0,NA,NA,-0.00540788233460503,-0.0011652284890995013,0
Matthew Craig,78.36712365667543,0,NA,NA,-0.00540788233460503,-0.0011652284890995013,0
Alfie Devine,78.36712365667543,0,NA,NA,-0.00540788233460503,-0.0011652284890995013,0
Pierluigi Gollini,78.36712365667543,0,NA,NA,-0.00540788233460503,-0.0011652284890995013,0
Marcel Lavinier,78.36712365667543,0,NA,NA,-0.00540788233460503,-0.0011652284890995013,0
Dilan Markanday,78.36712365667543,0,NA,NA,-0.00540788233460503,-0.0011652284890995013,0
Tobi Omole,78.36712365667543,0,NA,NA,-0.00540788233460503,-0.0011652284890995013,0
Moussa Sissoko,77.7328483510054,-0.23952146354138565,78,3220,-0.006528283432049031,-0.010430916633712428,-0.011976073177069283
Harvey White,78.36712365667543,0,NA,NA,-0.00540788233460503,-0.0011652284890995013,0
Bukayo Saka,82.33208757202912,1.4972898225811733,80,2978,0.022688329801300533,0.05675618011043859,0.07486449112905866
Gabriel Dos Santos,81.14153184432901,1.0477001132276422,79,3063,0.00808002318462564,0.039364176995956957,0.052385005661382114
Aaron Ramsdale,78.91731389999315,0.20776841085818257,74,3060,-0.06496150989874838,0.006872119282788525,0.010388420542909128
Ben White,78.75507120392956,0.14650068111581277,76,2880,-0.03574489666539882,0.0045020282323757765,0.007325034055790639
Martin Ødegaard,80.83076226631164,0.9303441583521366,82,2785,0.0519049430346501,0.03482435971314457,0.04651720791760683
Granit Xhaka,80.11228980894937,0.6590273138160001,79,2327,0.00808002318462564,0.024328693760360842,0.032951365690800004
Thomas Partey,80.48230779597979,0.7987572528470348,83,2028,0.06651324965132499,0.029734029968585984,0.03993786264235174
Kieran Tierney,77.5652348448681,-0.30281737296812744,80,1915,0.022688329801300533,-0.012879466124462002,-0.015140868648406372
Emile Smith Rowe,78.15035528232285,-0.081858268499938,76,1921,-0.03574489666539882,-0.004331847366440211,-0.004092913424996901
Martinelli,79.48793039773726,0.4232503907472625,76,1860,-0.03574489666539882,0.015207860042367738,0.021162519537363124
Alexandre Lacazette,77.47174080613013,-0.3381235385885247,82,1782,0.0519049430346501,-0.014245255709177673,-0.016906176929426232
Takehiro Tomiyasu,76.3353542305528,-0.767257344205525,75,1679,-0.05035320328207349,-0.030845939240284448,-0.03836286721027625
Cédric Soares,77.09780512911797,-0.4793329153806354,76,1486,-0.03574489666539882,-0.01970782273388516,-0.02396664576903177
Nuno Tavares,76.85226129628752,-0.5720576638886704,70,1176,-0.12339473636544773,-0.02329480233170589,-0.02860288319443352
Albert Sambi Lokonga,76.36250725697339,-0.757003543419496,73,1134,-0.07956981651542328,-0.030449279504761728,-0.0378501771709748
Pierre-Emerick Aubameyang,77.13784030350641,-0.46421442743552627,85,1037,0.09572986288467455,-0.019122976630966848,-0.023210721371776315
Rob Holding,78.36712365667543,0,NA,NA,-0.00540788233460503,-0.0011652284890995013,0
Eddie Nketiah,78.36712365667543,0,NA,NA,-0.00540788233460503,-0.0011652284890995013,0
Mohamed Elneny,78.36712365667543,0,NA,NA,-0.00540788233460503,-0.0011652284890995013,0
Nicolas Pépé,78.36712365667543,0,NA,NA,-0.00540788233460503,-0.0011652284890995013,0
Bernd Leno,78.36712365667543,0,NA,NA,-0.00540788233460503,-0.0011652284890995013,0
Ainsley Maitland-Niles,78.36712365667543,0,NA,NA,-0.00540788233460503,-0.0011652284890995013,0
Pablo Marí,78.36712365667543,0,NA,NA,-0.00540788233460503,-0.0011652284890995013,0
Calum Chambers,78.36712365667543,0,NA,NA,-0.00540788233460503,-0.0011652284890995013,0
Sead Kolašinac,78.36712365667543,0,NA,NA,-0.00540788233460503,-0.0011652284890995013,0
Folarin Balogun,78.36712365667543,0,NA,NA,-0.00540788233460503,-0.0011652284890995013,0
Reiss Nelson,78.36712365667543,0,NA,NA,-0.00540788233460503,-0.0011652284890995013,0
Ryan Alebiousu,78.36712365667543,0,NA,NA,-0.00540788233460503,-0.0011652284890995013,0
Zach Awe,78.36712365667543,0,NA,NA,-0.00540788233460503,-0.0011652284890995013,0
Miguel Azeez,78.36712365667543,0,NA,NA,-0.00540788233460503,-0.0011652284890995013,0
Héctor Bellerín,78.36712365667543,0,NA,NA,-0.00540788233460503,-0.0011652284890995013,0
Mika Biereth,78.36712365667543,0,NA,NA,-0.00540788233460503,-0.0011652284890995013,0
Marcelo Flores,78.36712365667543,0,NA,NA,-0.00540788233460503,-0.0011652284890995013,0
Omari Hutchinson,78.36712365667543,0,NA,NA,-0.00540788233460503,-0.0011652284890995013,0
Karl Jakob Hein,78.36712365667543,0,NA,NA,-0.00540788233460503,-0.0011652284890995013,0
Alex Kirk,78.36712365667543,0,NA,NA,-0.00540788233460503,-0.0011652284890995013,0
Mazeed Ogungbo,78.36712365667543,0,NA,NA,-0.00540788233460503,-0.0011652284890995013,0
Arthur Okonkwo,78.36712365667543,0,NA,NA,-0.00540788233460503,-0.0011652284890995013,0
Salah Oulad M'Hand,78.36712365667543,0,NA,NA,-0.00540788233460503,-0.0011652284890995013,0
Charlie Patino,78.36712365667543,0,NA,NA,-0.00540788233460503,-0.0011652284890995013,0
Zak Swanson,78.36712365667543,0,NA,NA,-0.00540788233460503,-0.0011652284890995013,0
David de Gea,82.05127950255745,1.391248235950214,84,3420,0.08112155626799966,0.052654049731159835,0.0695624117975107
Bruno Fernandes,84.07739065539069,2.1563688457010337,88,3111,0.139554782734699,0.08225210269121241,0.10781844228505169
Harry Maguire,79.16350705612932,0.30073836340791354,84,2515,0.08112155626799966,0.010468584394552671,0.015036918170395677
Scott McTominay,79.06202638571598,0.2624162050623563,80,2387,0.022688329801300533,0.008986123645488897,0.013120810253117815
Cristiano Ronaldo,85.19734690686609,2.5792980659586893,91,2456,0.18337970258472347,0.09861276701002675,0.12896490329793447
Victor Lindelöf,78.89075348996198,0.1977383998739084,80,2355,0.022688329801300533,0.006484116669188689,0.00988691999369542
Fred,80.49114098472889,0.8020929310265364,81,2028,0.037296636417975426,0.029863067898235673,0.040104646551326825
Jadon Sancho,78.22176776961031,-0.05489076193407206,87,1900,0.12494647611802412,-0.003288631855885571,-0.002744538096703603
Raphaël Varane,77.77426611904092,-0.22388086658324843,86,1831,0.11033816950134945,-0.009825873178871403,-0.011194043329162422
Aaron Wan-Bissaka,79.17763055765319,0.30607182306665365,83,1793,0.06651324965132499,0.010674904835314303,0.015303591153332682
Diogo Dalot,76.71093987179664,-0.6254248912128558,76,1801,-0.03574489666539882,-0.025359269032174003,-0.03127124456064279
Luke Shaw,79.96573879574395,0.6036852362470879,84,1601,0.08112155626799966,0.022187831624471466,0.030184261812354396
Alex Telles,76.94697914852338,-0.5362893494229763,82,1660,0.0519049430346501,-0.021911134904171625,-0.026814467471148816
Nemanja Matić,79.01115104057985,0.24320414207291455,79,1382,0.00808002318462564,0.008242921004511183,0.012160207103645727
Paul Pogba,86.0968185059486,2.918965639172134,87,1349,0.12494647611802412,0.11175252392241486,0.1459482819586067
Mason Greenwood,81.74720189617713,1.2764193711665908,78,1271,-0.006528283432049031,0.04821199082189165,0.06382096855832954
Anthony Elanga,77.39723190316664,-0.3662603449959962,65,1214,-0.19643626944882175,-0.01533370460934047,-0.01831301724979981
Marcus Rashford,74.9682239886867,-1.2835269095759425,85,1235,0.09572986288467455,-0.05081739699839316,-0.06417634547879712
Edinson Cavani,78.36712365667543,0,NA,NA,-0.00540788233460503,-0.0011652284890995013,0
Eric Bailly,78.36712365667543,0,NA,NA,-0.00540788233460503,-0.0011652284890995013,0
Jesse Lingard,78.36712365667543,0,NA,NA,-0.00540788233460503,-0.0011652284890995013,0
Juan Mata,78.36712365667543,0,NA,NA,-0.00540788233460503,-0.0011652284890995013,0
Anthony Martial,78.36712365667543,0,NA,NA,-0.00540788233460503,-0.0011652284890995013,0
Phil Jones,78.36712365667543,0,NA,NA,-0.00540788233460503,-0.0011652284890995013,0
Daniel James,76.11480577338304,-0.8505430858556599,77,2366,-0.021136590048723924,-0.03406777872645472,-0.04252715429278299
Hannibal Mejbri,78.36712365667543,0,NA,NA,-0.00540788233460503,-0.0011652284890995013,0
Donny van de Beek,78.36712365667543,0,NA,NA,-0.00540788233460503,-0.0011652284890995013,0
Shola Shoretire,78.36712365667543,0,NA,NA,-0.00540788233460503,-0.0011652284890995013,0
Alejandro Garnacho,78.36712365667543,0,NA,NA,-0.00540788233460503,-0.0011652284890995013,0
Amad Diallo,78.36712365667543,0,NA,NA,-0.00540788233460503,-0.0011652284890995013,0
Álvaro Fernández,78.46306311934502,0.03622963136759618,73,1080,-0.07956981651542328,2.3628459821689596e-4,0.0018114815683798091
Tom Heaton,78.36712365667543,0,NA,NA,-0.00540788233460503,-0.0011652284890995013,0
Dean Henderson,78.36712365667543,0,NA,NA,-0.00540788233460503,-0.0011652284890995013,0
Andreas Pereira,78.36712365667543,0,NA,NA,-0.00540788233460503,-0.0011652284890995013,0
Charlie Savage,78.36712365667543,0,NA,NA,-0.00540788233460503,-0.0011652284890995013,0
Brandon Williams,75.29191676241653,-1.1612907666763888,75,2120,-0.05035320328207349,-0.04608879371014574,-0.058064538333819436
Łukasz Fabiański,82.67970877025084,1.6285620594344103,82,3330,0.0519049430346501,0.06183433716051745,0.08142810297172051
Declan Rice,81.66053349018381,1.2436907700989672,82,3179,0.0519049430346501,0.046945912173162796,0.06218453850494836
Tomáš Souček,78.01537819045292,-0.13282968469766113,82,3062,0.0519049430346501,-0.006303634110703227,-0.006641484234883056
Jarrod Bowen,81.85575389213517,1.3174118750679396,78,2983,-0.006528283432049031,0.04979775166269884,0.06587059375339697
Michail Antonio,80.7583727662969,0.9030077023470544,79,2971,0.00808002318462564,0.033766871701101486,0.04515038511735272
Pablo Fornals,79.75480631724083,0.5240307778315801,79,2795,0.00808002318462564,0.01910646530308302,0.02620153889157901
Aaron Cresswell,80.11421297702616,0.6597535600189817,79,2726,0.00808002318462564,0.024356787989301854,0.03298767800094908
Craig Dawson,78.07849537591498,-0.10899473400457688,77,2754,-0.021136590048723924,-0.005381598912691965,-0.005449736700228844
Saïd Benrahma,78.4471655447062,0.03022622825508179,77,2168,-0.021136590048723924,4.0479534313409005e-6,0.0015113114127540896
Vladimír Coufal,75.2140281373098,-1.1907038579823548,80,2209,0.022688329801300533,-0.047226614627656316,-0.05953519289911774
Manuel Lanzini,79.26196509828141,0.3379190862625982,77,1786,-0.021136590048723924,0.011906889663187759,0.01689595431312991
Ben Johnson,75.47819042130722,-1.0909482214158983,68,1397,-0.1526113495987973,-0.04336765098646089,-0.054547411070794916
Angelo Ogbonna,76.52150640689446,-0.6969606744153166,80,921,0.022688329801300533,-0.02812657117092421,-0.03484803372076583
Issa Diop,75.51681400823416,-1.0763627914216038,77,963,-0.021136590048723924,-0.04280342578599616,-0.05381813957108019
Arthur Masuaku,78.36712365667543,0,NA,NA,-0.00540788233460503,-0.0011652284890995013,0
Nikola Vlašić,78.36712365667543,0,NA,NA,-0.00540788233460503,-0.0011652284890995013,0
Mark Noble,78.36712365667543,0,NA,NA,-0.00540788233460503,-0.0011652284890995013,0
Ryan Fredericks,78.36712365667543,0,NA,NA,-0.00540788233460503,-0.0011652284890995013,0
Andriy Yarmolenko,78.36712365667543,0,NA,NA,-0.00540788233460503,-0.0011652284890995013,0
Alphonse Areola,78.36712365667543,0,NA,NA,-0.00540788233460503,-0.0011652284890995013,0
Harrison Ashby,78.36712365667543,0,NA,NA,-0.00540788233460503,-0.0011652284890995013,0
Sonny Perkins,78.36712365667543,0,NA,NA,-0.00540788233460503,-0.0011652284890995013,0
Daniel Chesters,78.36712365667543,0,NA,NA,-0.00540788233460503,-0.0011652284890995013,0
Alex Král,78.36712365667543,0,NA,NA,-0.00540788233460503,-0.0011652284890995013,0
Ajibola Alese,78.36712365667543,0,NA,NA,-0.00540788233460503,-0.0011652284890995013,0
Jamal Baptiste,78.36712365667543,0,NA,NA,-0.00540788233460503,-0.0011652284890995013,0
Conor Coventry,78.36712365667543,0,NA,NA,-0.00540788233460503,-0.0011652284890995013,0
Pierre Ekwah Elimby,78.36712365667543,0,NA,NA,-0.00540788233460503,-0.0011652284890995013,0
Armstrong Okoflex,78.36712365667543,0,NA,NA,-0.00540788233460503,-0.0011652284890995013,0
Darren Randolph,78.36712365667543,0,NA,NA,-0.00540788233460503,-0.0011652284890995013,0
Kasper Schmeichel,83.10702244386994,1.7899285758059906,85,3330,0.09572986288467455,0.06807666632624287,0.08949642879029954
Youri Tielemans,83.21055984357476,1.829027417092852,84,2631,0.08112155626799966,0.06958917240742402,0.0914513708546426
Çağlar Söyüncü,80.36283346383193,0.7536401457550992,80,2497,0.022688329801300533,0.027988712291747486,0.03768200728775496
James Maddison,82.50718939617518,1.5634135464804102,82,2459,0.0519049430346501,0.05931412124670321,0.07817067732402051
Harvey Barnes,80.59168375619076,0.8400609104729625,81,2101,0.037296636417975426,0.03133182753184105,0.04200304552364813
Daniel Amartey,77.79331881579388,-0.216685994309513,76,2123,-0.03574489666539882,-0.00954754554282955,-0.01083429971547565
Kiernan Dewsbury Hall,77.23242227834497,-0.4284974243684822,71,2105,-0.10878642974877284,-0.01774129414211445,-0.02142487121842411
Timothy Castagne,76.32522866701183,-0.7710810620404039,79,2127,0.00808002318462564,-0.030993856577157475,-0.038554053102020196
Luke Thomas,76.54010952069284,-0.6899355782093288,71,1912,-0.10878642974877284,-0.027854811180532568,-0.034496778910466444
Jamie Vardy,79.10063639958466,0.27699650946094784,86,1806,0.11033816950134945,0.009550150566556503,0.013849825473047393
Wilfred Ndidi,77.33410216370908,-0.3901000364559831,85,1618,0.09572986288467455,-0.01625592319996727,-0.019505001822799156
Ademola Lookman,80.75971383862912,0.9035141316607256,77,1453,-0.021136590048723924,0.03378646249692574,0.04517570658303628
Jonny Evans,79.46765809763349,0.4155949595066031,80,1348,0.022688329801300533,0.014911716066626557,0.020779747975330155
Kelechi Iheanacho,77.4534433507976,-0.34503320894956907,78,1264,-0.006528283432049031,-0.014512550546980085,-0.017251660447478452
Patson Daka,77.59767493991913,-0.2905670157894948,77,1159,-0.021136590048723924,-0.012405571269282545,-0.01452835078947474
Ricardo Pereira,80.57187303994765,0.8325797872037202,84,991,0.08112155626799966,0.0310424265146656,0.04162898936018601
Boubakary Soumaré,74.12033409244057,-1.6037156778526618,78,1102,-0.006528283432049031,-0.06320363257993722,-0.08018578389263309
Nampalys Mendy,80.31599142467401,0.7359511806100405,75,1032,-0.05035320328207349,0.02730442942117839,0.036797559030502025
Marc Albrighton,72.65074323778971,-2.1586774573297434,76,1132,-0.03574489666539882,-0.0846718663857382,-0.10793387286648717
James Justin,78.09498577766952,-0.10276746151371433,77,998,-0.021136590048723924,-0.00514070206762951,-0.005138373075685716
Wesley Fofana,78.36712365667543,0,NA,NA,-0.00540788233460503,-0.0011652284890995013,0
Jannik Vestergaard,78.36712365667543,0,NA,NA,-0.00540788233460503,-0.0011652284890995013,0
Ayoze Pérez,78.36712365667543,0,NA,NA,-0.00540788233460503,-0.0011652284890995013,0
Ryan Bertrand,78.36712365667543,0,NA,NA,-0.00540788233460503,-0.0011652284890995013,0
Hamza Choudhury,78.36712365667543,0,NA,NA,-0.00540788233460503,-0.0011652284890995013,0
Danny Ward,78.36712365667543,0,NA,NA,-0.00540788233460503,-0.0011652284890995013,0
Lewis Brunt,78.36712365667543,0,NA,NA,-0.00540788233460503,-0.0011652284890995013,0
Kasey McAteer,78.36712365667543,0,NA,NA,-0.00540788233460503,-0.0011652284890995013,0
Vontae Daley Campbell,78.36712365667543,0,NA,NA,-0.00540788233460503,-0.0011652284890995013,0
Eldin Jakupović,78.36712365667543,0,NA,NA,-0.00540788233460503,-0.0011652284890995013,0
Benjamin Nelson,78.36712365667543,0,NA,NA,-0.00540788233460503,-0.0011652284890995013,0
Dennis Praet,78.36712365667543,0,NA,NA,-0.00540788233460503,-0.0011652284890995013,0
Robert Sánchez,79.22981761225982,0.32577922706859663,76,3329,-0.03574489666539882,0.011437269330429212,0.01628896135342983
Marc Cucurella,79.64410000074484,0.4822247375942345,81,3089,0.037296636417975426,0.01748923348730691,0.024111236879711725
Joël Veltman,77.84621322011543,-0.1967114737456647,77,2874,-0.021136590048723924,-0.00877484786619398,-0.009835573687283234
Leandro Trossard,80.29209960183701,0.7269289085438991,77,2805,-0.021136590048723924,0.02695541034754423,0.03634644542719496
Lewis Dunk,79.6962655060788,0.5019240039416244,78,2573,-0.006528283432049031,0.018251283184039124,0.02509620019708122
Neal Maupay,77.3956873864332,-0.36684360104451663,77,2276,-0.021136590048723924,-0.015356267383357158,-0.01834218005222583
Yves Bissouma,79.99086902714052,0.613175168693508,79,2111,0.00808002318462564,0.022554941750060564,0.030658758434675398
Pascal Groß,80.06062531391487,0.6395172440510768,76,2038,-0.03574489666539882,0.023573962975701024,0.03197586220255384
Alexis Mac Allister,77.97120117087599,-0.1495122581628004,75,2123,-0.05035320328207349,-0.0069489855580939786,-0.007475612908140019
Jakub Moder,75.40595170488265,-1.1182277369948388,70,1701,-0.12339473636544773,-0.044422936305585914,-0.05591138684974194
Adam Lallana,78.7840444014397,0.1574418333395645,75,1561,-0.05035320328207349,0.004925277585269283,0.007872091666978224
Solly March,74.90010021297596,-1.3092524995750137,75,1746,-0.05035320328207349,-0.051812570001861236,-0.06546262497875069
Tariq Lamptey,74.91404037868196,-1.3039882730442578,74,1561,-0.06496150989874838,-0.051608927786940706,-0.06519941365221289
Adam Webster,76.44855416239197,-0.7245096396921634,75,1434,-0.05035320328207349,-0.029192279926991027,-0.03622548198460817
Danny Welbeck,76.16781423621231,-0.8305254933631804,73,1478,-0.07956981651542328,-0.03329341484816628,-0.041526274668159016
Shane Duffy,77.82611407248564,-0.20430151739577465,72,1436,-0.09417812313209795,-0.009068462377503916,-0.010215075869788733
Dan Burn,76.5951715357095,-0.6691425025457634,75,2462,-0.05035320328207349,-0.027050448382237136,-0.03345712512728817
Enock Mwepu,77.87787009596887,-0.1847568837312313,75,996,-0.05035320328207349,-0.008312394517200783,-0.009237844186561565
Moisés Caicedo,78.36712365667543,0,NA,NA,-0.00540788233460503,-0.0011652284890995013,0
Steven Alzate,78.36712365667543,0,NA,NA,-0.00540788233460503,-0.0011652284890995013,0
Aaron Connolly,78.36712365667543,0,NA,NA,-0.00540788233460503,-0.0011652284890995013,0
Jason Steele,78.36712365667543,0,NA,NA,-0.00540788233460503,-0.0011652284890995013,0
Jeremy Sarmiento,78.36712365667543,0,NA,NA,-0.00540788233460503,-0.0011652284890995013,0
Taylor Richards,78.36712365667543,0,NA,NA,-0.00540788233460503,-0.0011652284890995013,0
Evan Ferguson,78.36712365667543,0,NA,NA,-0.00540788233460503,-0.0011652284890995013,0
Jürgen Locadia,78.36712365667543,0,NA,NA,-0.00540788233460503,-0.0011652284890995013,0
Florin Andone,78.36712365667543,0,NA,NA,-0.00540788233460503,-0.0011652284890995013,0
Michał Karbownik,78.36712365667543,0,NA,NA,-0.00540788233460503,-0.0011652284890995013,0
Marc Leonard,78.36712365667543,0,NA,NA,-0.00540788233460503,-0.0011652284890995013,0
Thomas Mcgill,78.36712365667543,0,NA,NA,-0.00540788233460503,-0.0011652284890995013,0
Odeluga Offiah,78.36712365667543,0,NA,NA,-0.00540788233460503,-0.0011652284890995013,0
Haydon Roberts,78.36712365667543,0,NA,NA,-0.00540788233460503,-0.0011652284890995013,0
Kjell Scherpen,78.36712365667543,0,NA,NA,-0.00540788233460503,-0.0011652284890995013,0
Ed Turns,78.36712365667543,0,NA,NA,-0.00540788233460503,-0.0011652284890995013,0
Andi Zeqiri,78.36712365667543,0,NA,NA,-0.00540788233460503,-0.0011652284890995013,0
Conor Coady,79.27772212021088,0.34386941243778235,79,3361,0.00808002318462564,0.012137073070899174,0.01719347062188912
José Sá,81.19682705171897,1.0685812493564983,79,3285,0.00808002318462564,0.040171946339942144,0.05342906246782492
João Moutinho,80.21357302063814,0.6972749057985356,80,2970,0.022688329801300533,0.025808269971831832,0.03486374528992678
Romain Saïss,79.45590897710875,0.4111581376435209,78,2705,-0.006528283432049031,0.014740081311524822,0.020557906882176045
Rúben Neves,80.46866291185832,0.7936045335382229,82,2661,0.0519049430346501,0.029534701317590395,0.039680226676911144
Max Kilman,78.31320465707763,-0.02036143860702432,70,2687,-0.12339473636544773,-0.0019528937676884794,-0.001018071930351216
Raúl Jiménez,79.4497826179866,0.4088446398768577,83,2631,0.06651324965132499,0.014650585579024655,0.020442231993842885
Nélson Semedo,76.61822283991775,-0.6604376356352256,80,2131,0.022688329801300533,-0.026713707862448866,-0.033021881781761284
Leander Dendoncker,76.87452710599864,-0.5636494233639877,77,1950,-0.021136590048723924,-0.022969536556377346,-0.028182471168199386
Rayan Aït Nouri,77.1165286110755,-0.4722623645315541,73,1828,-0.07956981651542328,-0.019434304368517896,-0.023613118226577707
Hwang Hee-chan,76.03040102020779,-0.8824168634245797,75,1816,-0.05035320328207349,-0.035300789240743535,-0.04412084317122898
Fernando Marçal,77.53171986984874,-0.31547363720453736,75,1449,-0.05035320328207349,-0.013369063155795002,-0.015773681860226867
Francisco Trincão,75.21639172190072,-1.189811297235687,76,1336,-0.03574489666539882,-0.047192086659237686,-0.05949056486178435
Daniel Podence,76.02241083922037,-0.8854341964768978,78,1484,-0.006528283432049031,-0.0354175122545306,-0.04427170982384489
Adama Traoré,74.41806465518658,-1.4912836479558145,78,1067,-0.006528283432049031,-0.058854293230188315,-0.07456418239779072
Jonny Castro,78.15117190683894,-0.08154988648110596,80,1024,0.022688329801300533,-0.004319917865118539,-0.004077494324055298
Willy Boly,77.14856283945396,-0.4601652748355848,79,900,0.00808002318462564,-0.018966338538136673,-0.02300826374177924
Fábio Silva,78.36712365667543,0,NA,NA,-0.00540788233460503,-0.0011652284890995013,0
Pedro Neto,78.36712365667543,0,NA,NA,-0.00540788233460503,-0.0011652284890995013,0
Toti Gomes,78.36712365667543,0,NA,NA,-0.00540788233460503,-0.0011652284890995013,0
Ki-Jana Hoever,78.36712365667543,0,NA,NA,-0.00540788233460503,-0.0011652284890995013,0
Luke Cundle,78.36712365667543,0,NA,NA,-0.00540788233460503,-0.0011652284890995013,0
Chiquinho,78.36712365667543,0,NA,NA,-0.00540788233460503,-0.0011652284890995013,0
John Ruddy,78.36712365667543,0,NA,NA,-0.00540788233460503,-0.0011652284890995013,0
Chem Campbell,78.36712365667543,0,NA,NA,-0.00540788233460503,-0.0011652284890995013,0
Morgan Gibbs-White,78.36712365667543,0,NA,NA,-0.00540788233460503,-0.0011652284890995013,0
Hugo Bueno,78.36712365667543,0,NA,NA,-0.00540788233460503,-0.0011652284890995013,0
Ryan John Giles,78.36712365667543,0,NA,NA,-0.00540788233460503,-0.0011652284890995013,0
Bruno Jordão,78.36712365667543,0,NA,NA,-0.00540788233460503,-0.0011652284890995013,0
Christian Marques,78.36712365667543,0,NA,NA,-0.00540788233460503,-0.0011652284890995013,0
Yerson Mosquera,78.36712365667543,0,NA,NA,-0.00540788233460503,-0.0011652284890995013,0
Louie Moulden,78.36712365667543,0,NA,NA,-0.00540788233460503,-0.0011652284890995013,0
Dion Sanderson,78.36712365667543,0,NA,NA,-0.00540788233460503,-0.0011652284890995013,0
James Storer,78.36712365667543,0,NA,NA,-0.00540788233460503,-0.0011652284890995013,0
Allan Saint-Maximin,78.4833175470335,0.04387831344581591,79,2804,0.00808002318462564,5.321674882352578e-4,0.0021939156722907954
Joelinton,77.13576226221758,-0.4649991584290704,74,2558,-0.06496150989874838,-0.01915333329527602,-0.02324995792145352
Martin Dúbravka,82.5349272551703,1.5738881976651955,81,2340,0.037296636417975426,0.05971932439579408,0.07869440988325978
Fabian Schär,75.00284334726305,-1.2704535968378532,76,2158,-0.03574489666539882,-0.050311666793437126,-0.06352267984189267
Joe Willock,74.89917962326308,-1.309600141984198,75,2038,-0.05035320328207349,-0.05182601825865518,-0.0654800070992099
Jamaal Lascelles,74.33999633018945,-1.5207645993540162,77,2058,-0.021136590048723924,-0.059994739258796725,-0.07603822996770081
Jonjo Shelvey,73.41970408751348,-1.8682946748291709,75,1983,-0.05035320328207349,-0.07343865051675458,-0.09341473374145855
Miguel Almirón,72.20166127804174,-2.328264334333002,77,1716,-0.021136590048723924,-0.09123219334975374,-0.1164132167166501
Emil Krafth,73.56771095427901,-1.8124028230970517,73,1634,-0.07956981651542328,-0.07127652082567049,-0.09062014115485259
Ryan Fraser,74.76766447918412,-1.3592642224017266,75,1465,-0.05035320328207349,-0.05374723180809671,-0.06796321112008633
Matt Targett,75.4688438724246,-1.0944777598472597,77,2871,-0.021136590048723924,-0.04350418823834579,-0.05472388799236298
Callum Wilson,73.18408517755265,-1.957271473464312,79,1386,0.00808002318462564,-0.07688064379814907,-0.0978635736732156
Sean Longstaff,73.6938299680184,-1.7647764840590754,72,1464,-0.09417812313209795,-0.06943413560277256,-0.08823882420295377
Chris Wood,70.97824177229235,-2.790264396329139,79,2694,0.00808002318462564,-0.10910428061056154,-0.13951321981645695
Javier Manquillo,73.67635840580756,-1.77137427229659,74,1257,-0.06496150989874838,-0.069689365540621,-0.0885687136148295
Matt Ritchie,73.22108506833719,-1.9432992000487117,74,1337,-0.06496150989874838,-0.07634013804878514,-0.09716496000243559
Jacob Murphy,72.34897438437461,-2.2726344674404166,72,1473,-0.09417812313209795,-0.08908019832378833,-0.11363172337202083
Ciaran Clark,75.19740347130303,-1.1969818326996902,75,1014,-0.05035320328207349,-0.04746947284608294,-0.05984909163498451
Isaac Hayden,74.13973696154325,-1.5963885699504143,76,1002,-0.03574489666539882,-0.06292018951884204,-0.07981942849752072
Bruno Guimarães,82.1221225827275,1.4180007172346385,79,1034,0.00808002318462564,0.05368894716795358,0.07090003586173192
Karl Darlow,78.36712365667543,0,NA,NA,-0.00540788233460503,-0.0011652284890995013,0
Federico Fernández,78.36712365667543,0,NA,NA,-0.00540788233460503,-0.0011652284890995013,0
Kieran Trippier,78.36712365667543,0,NA,NA,-0.00540788233460503,-0.0011652284890995013,0
Freddie Woodman,78.36712365667543,0,NA,NA,-0.00540788233460503,-0.0011652284890995013,0
Jamal Lewis,78.36712365667543,0,NA,NA,-0.00540788233460503,-0.0011652284890995013,0
Paul Dummett,78.36712365667543,0,NA,NA,-0.00540788233460503,-0.0011652284890995013,0
Jeff Hendrick,78.36712365667543,0,NA,NA,-0.00540788233460503,-0.0011652284890995013,0
Dwight Gayle,78.36712365667543,0,NA,NA,-0.00540788233460503,-0.0011652284890995013,0
Elliot Anderson,78.36712365667543,0,NA,NA,-0.00540788233460503,-0.0011652284890995013,0
Lucas De Bolle,78.36712365667543,0,NA,NA,-0.00540788233460503,-0.0011652284890995013,0
Mark Gillespie,78.36712365667543,0,NA,NA,-0.00540788233460503,-0.0011652284890995013,0
Joe White,78.36712365667543,0,NA,NA,-0.00540788233460503,-0.0011652284890995013,0
Marc Guéhi,81.11638988934509,1.0382057536014555,73,3222,-0.07956981651542328,0.03899689560860908,0.051910287680072775
Tyrick Mitchell,75.36281246259868,-1.13451841449017,71,3101,-0.10878642974877284,-0.04505312758408109,-0.05672592072450851
Conor Gallagher,81.31151535370655,1.1118910072764032,74,2845,-0.06496150989874838,0.04184734822072267,0.05559455036382016
Joachim Andersen,79.99184423695638,0.6135434372990604,77,2916,-0.021136590048723924,0.02256918791406637,0.03067717186495302
Wilfried Zaha,80.45472513769889,0.7883412101275008,82,2760,0.0519049430346501,0.0293310940391156,0.03941706050637504
Vicente Guaita,82.42996019123747,1.534249472095902,80,2655,0.022688329801300533,0.05818593334121114,0.07671247360479509
Joel Ward,77.40479403274783,-0.36340465705010894,74,2487,-0.06496150989874838,-0.01522323470174336,-0.018170232852505446
Jordan Ayew,77.44261585940187,-0.3491219958886215,75,2019,-0.05035320328207349,-0.014670721861178349,-0.017456099794431072
Cheikhou Kouyaté,75.25787692180428,-1.174145235972729,78,1974,-0.006528283432049031,-0.0465860581389923,-0.058707261798636445
Jeffrey Schlupp,76.92943156372081,-0.5429158460813769,75,1851,-0.05035320328207349,-0.022167475403349624,-0.027145792304068845
Odsonne Édouard,77.53341372900324,-0.3148339849587508,75,1564,-0.05035320328207349,-0.013344318741900674,-0.01574169924793754
James McArthur,77.39992383756297,-0.36524378947097247,75,1439,-0.05035320328207349,-0.0152943800062868,-0.018262189473548622
Nathaniel Clyne,73.79070937581939,-1.7281919010931637,75,1351,-0.05035320328207349,-0.06801889150877405,-0.08640959505465819
Jean-Philippe Mateta,75.95943118436935,-0.909217211468018,75,1145,-0.05035320328207349,-0.036337538363206745,-0.0454608605734009
Will Hughes,76.30360812516602,-0.7792456299798648,76,1053,-0.03574489666539882,-0.03130969608165968,-0.03896228149899324
Michael Olise,78.56966416517805,0.07648539772759558,73,1141,-0.07956981651542328,0.0017935453614039698,0.003824269886379779
Christian Benteke,74.58919968972228,-1.4266579033165934,75,1145,-0.05035320328207349,-0.056354300172835714,-0.07133289516582966
Luka Milivojević,78.36712365667543,0,NA,NA,-0.00540788233460503,-0.0011652284890995013,0
Jack Butland,78.36712365667543,0,NA,NA,-0.00540788233460503,-0.0011652284890995013,0
Eberechi Eze,78.36712365667543,0,NA,NA,-0.00540788233460503,-0.0011652284890995013,0
James Tomkins,78.36712365667543,0,NA,NA,-0.00540788233460503,-0.0011652284890995013,0
Jaïro Riedewald,78.36712365667543,0,NA,NA,-0.00540788233460503,-0.0011652284890995013,0
Jesuran Rak Sakyi,78.36712365667543,0,NA,NA,-0.00540788233460503,-0.0011652284890995013,0
Nathan Ferguson,78.36712365667543,0,NA,NA,-0.00540788233460503,-0.0011652284890995013,0
Omotayo Adaramola,78.36712365667543,0,NA,NA,-0.00540788233460503,-0.0011652284890995013,0
Scott Banks,78.36712365667543,0,NA,NA,-0.00540788233460503,-0.0011652284890995013,0
Reece Hannam,78.36712365667543,0,NA,NA,-0.00540788233460503,-0.0011652284890995013,0
Martin Kelly,78.36712365667543,0,NA,NA,-0.00540788233460503,-0.0011652284890995013,0
Remi Matthews,78.36712365667543,0,NA,NA,-0.00540788233460503,-0.0011652284890995013,0
Robert Street,78.36712365667543,0,NA,NA,-0.00540788233460503,-0.0011652284890995013,0
Pontus Jansson,78.11297304153274,-0.09597492879628162,75,3321,-0.05035320328207349,-0.0048779386019204285,-0.004798746439814081
Christian Nørgaard,80.8232385717548,0.9275029846293342,73,3054,-0.07956981651542328,0.03471445127616812,0.04637514923146671
Bryan Mbeumo,79.19716930258105,0.3134502417738716,74,2905,-0.06496150989874838,0.010960332812125495,0.01567251208869358
Rico Henry,75.90382567857449,-0.9302155256225852,74,2776,-0.06496150989874838,-0.03714984064143323,-0.04651077628112926
Ivan Toney,78.95403897238124,0.2216369045681298,76,2909,-0.03574489666539882,0.007408610400753357,0.01108184522840649
Ethan Pinnock,76.22545806434273,-0.8087574472883898,74,2694,-0.06496150989874838,-0.03245133613227824,-0.040437872364419494
Vitaly Janelt,76.35473659016957,-0.7599379813030231,73,2298,-0.07956981651542328,-0.030562795788048103,-0.037996899065151156
Sergi Canós,74.87799445479664,-1.3176002998195933,72,2083,-0.09417812313209795,-0.052135497695338984,-0.06588001499097966
David Raya,82.1963806546912,1.4460428023000775,74,2160,-0.06496150989874838,0.05477373185196255,0.07230214011500388
Kristoffer Ajer,75.50024926427406,-1.0826181377689144,75,1995,-0.05035320328207349,-0.043045408644792005,-0.05413090688844572
Mathias Jensen,75.72279679779717,-0.9985774846637588,74,1601,-0.06496150989874838,-0.039794366038301776,-0.04992887423318794
Yoane Wissa,73.8445943441827,-1.7078433137055051,75,1284,-0.05035320328207349,-0.06723172336889305,-0.08539216568527526
Mads Roerslev,72.14783404423453,-2.348591119412973,67,1240,-0.16721965621547208,-0.09201851808553685,-0.11742955597064866
Frank Onyeka,73.5592068583511,-1.8156142259130512,75,1045,-0.05035320328207349,-0.07140075126648293,-0.09078071129565256
Christian Eriksen,81.36573647404221,1.132366535775704,82,939,0.0519049430346501,0.042639426971685435,0.0566183267887852
Shandon Baptiste,70.38732102829843,-3.013413871286029,66,910,-0.18182796283214686,-0.11773663202497842,-0.15067069356430146
Mads Bech Sørensen,78.36712365667543,0,NA,NA,-0.00540788233460503,-0.0011652284890995013,0
Mathias Jørgensen,78.36712365667543,0,NA,NA,-0.00540788233460503,-0.0011652284890995013,0
Saman Ghoddos,78.36712365667543,0,NA,NA,-0.00540788233460503,-0.0011652284890995013,0
Charlie Goode,78.36712365667543,0,NA,NA,-0.00540788233460503,-0.0011652284890995013,0
Josh Dasilva,78.36712365667543,0,NA,NA,-0.00540788233460503,-0.0011652284890995013,0
Jonas Lössl,78.36712365667543,0,NA,NA,-0.00540788233460503,-0.0011652284890995013,0
Dominic Thompson,78.36712365667543,0,NA,NA,-0.00540788233460503,-0.0011652284890995013,0
Marcus Forss,78.36712365667543,0,NA,NA,-0.00540788233460503,-0.0011652284890995013,0
Mads Bidstrup,78.36712365667543,0,NA,NA,-0.00540788233460503,-0.0011652284890995013,0
Tariqe Fosu,78.36712365667543,0,NA,NA,-0.00540788233460503,-0.0011652284890995013,0
Finley Stevens,78.36712365667543,0,NA,NA,-0.00540788233460503,-0.0011652284890995013,0
Nathan Young-Coombes,78.36712365667543,0,NA,NA,-0.00540788233460503,-0.0011652284890995013,0
Matthew Cox,78.36712365667543,0,NA,NA,-0.00540788233460503,-0.0011652284890995013,0
Halil Dervişoğlu,78.36712365667543,0,NA,NA,-0.00540788233460503,-0.0011652284890995013,0
Patrik Gunnarsson,78.36712365667543,0,NA,NA,-0.00540788233460503,-0.0011652284890995013,0
Maxwell Haygarth,78.36712365667543,0,NA,NA,-0.00540788233460503,-0.0011652284890995013,0
Julian Jeanvier,78.36712365667543,0,NA,NA,-0.00540788233460503,-0.0011652284890995013,0
Edmond-Paris Maghoma,78.36712365667543,0,NA,NA,-0.00540788233460503,-0.0011652284890995013,0
Myles Peart-Harris,78.36712365667543,0,NA,NA,-0.00540788233460503,-0.0011652284890995013,0
Matty Cash,77.96975656447091,-0.1500577850614376,78,3377,-0.006528283432049031,-0.006970088811399711,-0.00750288925307188
Emiliano Martínez,81.7805007027879,1.2889940036996492,84,3240,0.08112155626799966,0.048698429998831116,0.06444970018498246
Tyrone Mings,77.27617824905253,-0.4119738516408972,78,3189,-0.006528283432049031,-0.017102093505708238,-0.020598692582044862
John McGinn,79.58754961826018,0.4608696095363291,78,3090,-0.006528283432049031,0.016663128160680607,0.023043480476816456
Ollie Watkins,79.33734515852831,0.3663848679046918,78,2952,-0.006528283432049031,0.013008064696057975,0.01831924339523459
Douglas Luiz,78.86559749610778,0.18823873874737165,77,2715,-0.021136590048723924,0.006116630197719353,0.009411936937368583
Ezri Konsa,76.90385882408317,-0.5525728829705863,78,2477,-0.006528283432049031,-0.02254104982500471,-0.027628644148529315
Jacob Ramsey,76.93258212097103,-0.5417261007502906,68,2467,-0.1526113495987973,-0.022121451097024902,-0.02708630503751453
Emi Buendía,80.71528231311625,0.8867354490869519,79,1899,0.00808002318462564,0.03313739314878705,0.0443367724543476
Danny Ings,76.9502837383943,-0.5350414367339412,81,1898,0.037296636417975426,-0.021862860442094734,-0.02675207183669706
Philippe Coutinho,80.66145340029138,0.8664080299593313,82,1329,0.0519049430346501,0.03235104388539911,0.043320401497966565
Lucas Digne,76.39437639018662,-0.7449687986315594,84,2439,0.08112155626799966,-0.029983725435175135,-0.03724843993157797
Ashley Young,72.19038261337282,-2.3325234978920166,78,1250,-0.006528283432049031,-0.09139695554146399,-0.11662617489460084
Marvelous Nakamba,72.73689668534077,-2.1261433200835107,75,904,-0.05035320328207349,-0.08341331040782873,-0.10630716600417553
Leon Bailey,78.36712365667543,0,NA,NA,-0.00540788233460503,-0.0011652284890995013,0
Axel Tuanzebe,78.36712365667543,0,NA,NA,-0.00540788233460503,-0.0011652284890995013,0
Kortney Hause,78.36712365667543,0,NA,NA,-0.00540788233460503,-0.0011652284890995013,0
Anwar El Ghazi,78.36712365667543,0,NA,NA,-0.00540788233460503,-0.0011652284890995013,0
Morgan Sanson,78.36712365667543,0,NA,NA,-0.00540788233460503,-0.0011652284890995013,0
Carney Chukwuemeka,78.36712365667543,0,NA,NA,-0.00540788233460503,-0.0011652284890995013,0
Bertrand Traoré,78.36712365667543,0,NA,NA,-0.00540788233460503,-0.0011652284890995013,0
Tim Iroegbunam,78.36712365667543,0,NA,NA,-0.00540788233460503,-0.0011652284890995013,0
Robin Olsen,78.36712365667543,0,NA,NA,-0.00540788233460503,-0.0011652284890995013,0
Jed Steer,78.36712365667543,0,NA,NA,-0.00540788233460503,-0.0011652284890995013,0
Cameron Archer,78.36712365667543,0,NA,NA,-0.00540788233460503,-0.0011652284890995013,0
Keinan Davis,78.36712365667543,0,NA,NA,-0.00540788233460503,-0.0011652284890995013,0
Trézéguet,78.36712365667543,0,NA,NA,-0.00540788233460503,-0.0011652284890995013,0
Jaden Philogene Bidace,78.36712365667543,0,NA,NA,-0.00540788233460503,-0.0011652284890995013,0
Wesley Moraes,78.36712365667543,0,NA,NA,-0.00540788233460503,-0.0011652284890995013,0
Lamare Bogarde,78.36712365667543,0,NA,NA,-0.00540788233460503,-0.0011652284890995013,0
Benjamin Chrisene,78.36712365667543,0,NA,NA,-0.00540788233460503,-0.0011652284890995013,0
Josh Feeney,78.36712365667543,0,NA,NA,-0.00540788233460503,-0.0011652284890995013,0
Frederic Guilbert,78.36712365667543,0,NA,NA,-0.00540788233460503,-0.0011652284890995013,0
Conor Hourihane,78.36712365667543,0,NA,NA,-0.00540788233460503,-0.0011652284890995013,0
Kaine Kessler,78.36712365667543,0,NA,NA,-0.00540788233460503,-0.0011652284890995013,0
Filip Marshall,78.36712365667543,0,NA,NA,-0.00540788233460503,-0.0011652284890995013,0
Tommi O'Reilly,78.36712365667543,0,NA,NA,-0.00540788233460503,-0.0011652284890995013,0
Aaron Ramsey,78.36712365667543,0,NA,NA,-0.00540788233460503,-0.0011652284890995013,0
Viljami Sinisalo,78.36712365667543,0,NA,NA,-0.00540788233460503,-0.0011652284890995013,0
James Ward-Prowse,80.49759860938379,0.8045315246380417,81,3215,0.037296636417975426,0.02995740285920978,0.04022657623190208
Oriol Romeu,79.11250102142317,0.2814769480996925,78,2889,-0.006528283432049031,0.009723472600264405,0.014073847404984624
Mohammed Salisu,77.46479446067177,-0.34074668789857515,76,2972,-0.03574489666539882,-0.014346730053498735,-0.017037334394928758
Jan Bednarek,78.60974097411878,0.09161960813392785,76,2629,-0.03574489666539882,0.0023789996746279574,0.004580980406696392
Kyle Walker-Peters,77.88739652009612,-0.18115941898859375,77,2633,-0.021136590048723924,-0.008173229592589593,-0.009057970949429688
Valentino Livramento,75.95612294831302,-0.9104665010665068,62,2202,-0.2402611892988462,-0.036385866089877705,-0.04552332505332534
Mohamed Elyounoussi,77.4799348039005,-0.33502923817879604,75,2042,-0.05035320328207349,-0.014125555277331614,-0.0167514619089398
Che Adams,77.74368006977,-0.2354310802204976,76,2039,-0.03574489666539882,-0.0102726835648137,-0.01177155401102488
Armando Broja,74.4120643411808,-1.493549547289316,70,1975,-0.12339473636544773,-0.05894194765698124,-0.07467747736446581
Nathan Redmond,76.09903627517859,-0.8564981234481337,76,1833,-0.03574489666539882,-0.03429814439141654,-0.04282490617240668
Fraser Forster,77.92548180308677,-0.16677726877754007,75,1710,-0.05035320328207349,-0.0076168681010793104,-0.008338863438877003
Romain Perraud,73.16746111291492,-1.9635492210865817,77,1623,-0.021136590048723924,-0.07712349323159251,-0.09817746105432909
Alex McCarthy,76.18266753127926,-0.8249164416768765,75,1530,-0.05035320328207349,-0.03307643335956012,-0.04124582208384382
Adam Armstrong,75.44868999440786,-1.1020884713402843,76,1413,-0.03574489666539882,-0.04379860226792953,-0.05510442356701421
Stuart Armstrong,75.37416760312887,-1.1302303713420376,77,1473,-0.021136590048723924,-0.04488724820954082,-0.05651151856710188
Ibrahima Diallo,72.74518797785794,-2.1230122782463,73,1023,-0.07956981651542328,-0.08329218866448929,-0.10615061391231499
Nathan Tella,78.36712365667543,0,NA,NA,-0.00540788233460503,-0.0011652284890995013,0
Lyanco,73.97208966036042,-1.6596972414044528,72,911,-0.09417812313209795,-0.0653692326979789,-0.08298486207022264
Jack Stephens,78.36712365667543,0,NA,NA,-0.00540788233460503,-0.0011652284890995013,0
Moussa Djenepo,78.36712365667543,0,NA,NA,-0.00540788233460503,-0.0011652284890995013,0
Theo Walcott,78.36712365667543,0,NA,NA,-0.00540788233460503,-0.0011652284890995013,0
Yan Valery,78.36712365667543,0,NA,NA,-0.00540788233460503,-0.0011652284890995013,0
Shane Long,78.36712365667543,0,NA,NA,-0.00540788233460503,-0.0011652284890995013,0
Willy Caballero,78.36712365667543,0,NA,NA,-0.00540788233460503,-0.0011652284890995013,0
William Smallbone,78.36712365667543,0,NA,NA,-0.00540788233460503,-0.0011652284890995013,0
Kgagelo Chauke,78.36712365667543,0,NA,NA,-0.00540788233460503,-0.0011652284890995013,0
Tyler Dibling,78.36712365667543,0,NA,NA,-0.00540788233460503,-0.0011652284890995013,0
Harry Lewis,78.36712365667543,0,NA,NA,-0.00540788233460503,-0.0011652284890995013,0
Dynel Simeu,78.36712365667543,0,NA,NA,-0.00540788233460503,-0.0011652284890995013,0
Thierry Small,78.36712365667543,0,NA,NA,-0.00540788233460503,-0.0011652284890995013,0
Jordan Pickford,80.2636300082921,0.716177932348945,83,3150,0.06651324965132499,0.026539517795787892,0.03580889661744725
Michael Keane,76.42446691060657,-0.7336057116166961,80,2792,0.022688329801300533,-0.029544153886625235,-0.036680285580834804
Séamus Coleman,76.42911673670042,-0.7318497972034175,78,2656,-0.006528283432049031,-0.029476227801332078,-0.03659248986017087
Abdoulaye Doucouré,77.30706009407824,-0.4003119366155267,79,2537,0.00808002318462564,-0.01665096204468397,-0.020015596830776337
Richarlison,77.87391538525333,-0.18625030163667855,82,2523,0.0519049430346501,-0.008370166143913949,-0.009312515081833927
Demarai Gray,77.33977884292482,-0.3879563513689964,75,2338,-0.05035320328207349,-0.01617299652941928,-0.01939781756844982
Anthony Gordon,74.89922627657394,-1.3095825242885435,67,2285,-0.16721965621547208,-0.05182533673278544,-0.06547912621442717
Allan,75.63613044230222,-1.031305311401426,83,2183,0.06651324965132499,-0.04106041473272182,-0.051565265570071295
Mason Holgate,74.65253059167482,-1.4027422468383008,77,2134,-0.021136590048723924,-0.0554291429388023,-0.07013711234191504
Ben Godfrey,74.55641216099693,-1.439039461917405,77,2029,-0.021136590048723924,-0.05683327044565867,-0.07195197309587024
Alex Iwobi,75.26924298065617,-1.1698530697373957,77,2035,-0.021136590048723924,-0.046420019266260715,-0.058492653486869786
Andros Townsend,74.89469571558945,-1.3112934006035577,77,1455,-0.021136590048723924,-0.05189152055679247,-0.06556467003017788
Dominic Calvert-Lewin,74.1835422785278,-1.5798463625820398,81,1283,0.037296636417975426,-0.06228026801689124,-0.07899231812910198
Vitaliy Mykolenko,74.05832649636855,-1.6271316141646772,76,1055,-0.03574489666539882,-0.06410945855592032,-0.08135658070823386
Jonjoe Kenny,72.58387309107924,-2.1839296392515974,74,1018,-0.06496150989874838,-0.08564872599238682,-0.10919648196257987
Yerry Mina,78.36712365667543,0,NA,NA,-0.00540788233460503,-0.0011652284890995013,0
Salomón Rondón,78.36712365667543,0,NA,NA,-0.00540788233460503,-0.0011652284890995013,0
Fabian Delph,78.36712365667543,0,NA,NA,-0.00540788233460503,-0.0011652284890995013,0
André Gomes,78.36712365667543,0,NA,NA,-0.00540788233460503,-0.0011652284890995013,0
Jarrad Branthwaite,78.36712365667543,0,NA,NA,-0.00540788233460503,-0.0011652284890995013,0
Asmir Begović,78.36712365667543,0,NA,NA,-0.00540788233460503,-0.0011652284890995013,0
Tom Davies,78.36712365667543,0,NA,NA,-0.00540788233460503,-0.0011652284890995013,0
Jean-Philippe Gbamin,78.36712365667543,0,NA,NA,-0.00540788233460503,-0.0011652284890995013,0
Ellis Simms,78.36712365667543,0,NA,NA,-0.00540788233460503,-0.0011652284890995013,0
Lewis Dobbin,78.36712365667543,0,NA,NA,-0.00540788233460503,-0.0011652284890995013,0
Tyler Onyango,78.36712365667543,0,NA,NA,-0.00540788233460503,-0.0011652284890995013,0
Isaac Price,78.36712365667543,0,NA,NA,-0.00540788233460503,-0.0011652284890995013,0
Cenk Tosun,78.36712365667543,0,NA,NA,-0.00540788233460503,-0.0011652284890995013,0
Moise Kean,78.36712365667543,0,NA,NA,-0.00540788233460503,-0.0011652284890995013,0
Nathan Broadhead,78.36712365667543,0,NA,NA,-0.00540788233460503,-0.0011652284890995013,0
Andy Lonergan,78.36712365667543,0,NA,NA,-0.00540788233460503,-0.0011652284890995013,0
Niels Nkounkou,78.36712365667543,0,NA,NA,-0.00540788233460503,-0.0011652284890995013,0
Nathan Patterson,78.36712365667543,0,NA,NA,-0.00540788233460503,-0.0011652284890995013,0
Harry Tyrer,78.36712365667543,0,NA,NA,-0.00540788233460503,-0.0011652284890995013,0
Reece Welch,78.36712365667543,0,NA,NA,-0.00540788233460503,-0.0011652284890995013,0
Charlie Whitaker,78.36712365667543,0,NA,NA,-0.00540788233460503,-0.0011652284890995013,0
Illan Meslier,78.40603180655755,0.01469288953888551,77,3384,-0.021136590048723924,-5.968463057339779e-4,7.346444769442755e-4
Stuart Dallas,78.34433804190043,-0.00860453457640713,75,2919,-0.05035320328207349,-0.0014980877361823186,-4.302267288203565e-4
Raphael Dias Belloli,81.07421674603255,1.022279904182347,82,2915,0.0519049430346501,0.03838081740011057,0.051113995209117344
Jack Harrison,76.32703357419545,-0.7703994747133965,78,2639,-0.006528283432049031,-0.03096748993960441,-0.03851997373566983
Diego Llorente,76.7129416232168,-0.6246689695720189,77,2340,-0.021136590048723924,-0.025330026833657815,-0.031233448478600944
Rodrigo,78.65655295042102,0.10929722063900872,79,2265,0.00808002318462564,0.0030628433777835085,0.005464861031950436
Luke Ayling,77.63096031889656,-0.2779974539353084,76,2272,-0.03574489666539882,-0.01191932824732822,-0.01389987269676542
Mateusz Klich,76.45861784169378,-0.7207092912103099,75,2073,-0.05035320328207349,-0.029045266614058374,-0.0360354645605155
Pascal Struijk,76.90930613241805,-0.5505158152382185,74,2055,-0.06496150989874838,-0.02246147387461317,-0.027525790761910925
Liam Cooper,75.28940640272471,-1.162238754122891,75,1814,-0.05035320328207349,-0.04612546581424226,-0.05811193770614455
Junior Firpo,78.38779025272878,0.00780432926974326,78,1711,-0.006528283432049031,-8.633245172293691e-4,3.90216463487163e-4
Kalvin Phillips,77.46194466325396,-0.34182285725627876,81,1596,0.037296636417975426,-0.014388360767973563,-0.01709114286281394
Robin Koch,74.00473198321609,-1.6473705169144934,77,1574,-0.021136590048723924,-0.06489238363702277,-0.08236852584572467
Adam Forshaw,75.36932511937216,-1.1320590390927958,71,1530,-0.10878642974877284,-0.04495798869704504,-0.05660295195463979
Tyler Roberts,73.27525005404476,-1.9228448696760816,73,987,-0.07956981651542328,-0.07554887932968102,-0.09614224348380408
Jamie Shackleton,78.36712365667543,0,NA,NA,-0.00540788233460503,-0.0011652284890995013,0
Patrick Bamford,78.36712365667543,0,NA,NA,-0.00540788233460503,-0.0011652284890995013,0
Joe Gelhardt,78.36712365667543,0,NA,NA,-0.00540788233460503,-0.0011652284890995013,0
Sam Greenwood,78.36712365667543,0,NA,NA,-0.00540788233460503,-0.0011652284890995013,0
Lewis Bate,78.36712365667543,0,NA,NA,-0.00540788233460503,-0.0011652284890995013,0
Charlie Cresswell,78.36712365667543,0,NA,NA,-0.00540788233460503,-0.0011652284890995013,0
Cody Drameh,78.36712365667543,0,NA,NA,-0.00540788233460503,-0.0011652284890995013,0
Leo Fuhr Hjelde,78.36712365667543,0,NA,NA,-0.00540788233460503,-0.0011652284890995013,0
Crysencio Summerville,78.36712365667543,0,NA,NA,-0.00540788233460503,-0.0011652284890995013,0
Kristoffer Klaesson,78.36712365667543,0,NA,NA,-0.00540788233460503,-0.0011652284890995013,0
Hélder Costa,78.36712365667543,0,NA,NA,-0.00540788233460503,-0.0011652284890995013,0
Liam McCarron,78.36712365667543,0,NA,NA,-0.00540788233460503,-0.0011652284890995013,0
Stuart McKinstry,78.36712365667543,0,NA,NA,-0.00540788233460503,-0.0011652284890995013,0
Nohan Kenneh,78.36712365667543,0,NA,NA,-0.00540788233460503,-0.0011652284890995013,0
Archie Gray,78.36712365667543,0,NA,NA,-0.00540788233460503,-0.0011652284890995013,0
Jack Jenkins,78.36712365667543,0,NA,NA,-0.00540788233460503,-0.0011652284890995013,0
Kris Moore,78.36712365667543,0,NA,NA,-0.00540788233460503,-0.0011652284890995013,0
Nick Pope,81.6904242533435,1.2549784227544865,83,3240,0.06651324965132499,0.04738256560640575,0.06274892113772432
Dwight McNeil,77.02679968683708,-0.5061467094894201,77,3107,-0.021136590048723924,-0.020745092006176913,-0.025307335474471004
James Tarkowski,75.766345508289,-0.9821321796375364,81,3106,0.037296636417975426,-0.03915819312267632,-0.04910660898187682
Josh Brownhill,76.21668698104939,-0.8120696725768153,76,2955,-0.03574489666539882,-0.03257946680638768,-0.04060348362884077
Charlie Taylor,76.73902718037046,-0.6148182773396699,76,2731,-0.03574489666539882,-0.02494896101649058,-0.030740913866983494
Ashley Westwood,75.75233289360116,-0.9874237650864264,78,2287,-0.006528283432049031,-0.039362893694537604,-0.04937118825432132
Ben Mee,75.79144294369995,-0.9726546319433,79,1839,0.00808002318462564,-0.038791562090900955,-0.048632731597165
Maxwel Cornet,77.11985135941734,-0.47100759465685826,75,1766,-0.05035320328207349,-0.019385764641930203,-0.023550379732842915
Matthew Lowton,73.79393536705534,-1.726973669616549,76,1772,-0.03574489666539882,-0.06797176523965653,-0.08634868348082744
Jack Cork,73.87999425572123,-1.6944752406540278,76,1670,-0.03574489666539882,-0.06671459060693485,-0.08472376203270139
Connor Roberts,73.97271098041826,-1.6594626122327838,75,1692,-0.05035320328207349,-0.06536015626406688,-0.08297313061163919
Nathan Collins,75.643867576150015,-1.0283835365723046,71,1670,-0.10878642974877284,-0.04094738830913891,-0.05141917682861523
Aaron Lennon,71.67621168268903,-2.5266899311850803,73,1551,-0.07956981651542328,-0.09890812215027389,-0.12633449655925402
Wout Weghorst,75.68618605179445,-1.0124028052864034,83,1450,0.06651324965132499,-0.04032918704137467,-0.05062014026432017
Jay Rodriguez,73.72853612986647,-1.7516703917905596,74,1382,-0.06496150989874838,-0.06892713734900813,-0.08758351958952798
Jóhann Berg Guðmundsson,72.45273081755646,-2.233452912514049,75,1102,-0.05035320328207349,-0.08756449253441545,-0.11167264562570245
Ashley Barnes,78.36712365667543,0,NA,NA,-0.00540788233460503,-0.0011652284890995013,0
Erik Pieters,78.36712365667543,0,NA,NA,-0.00540788233460503,-0.0011652284890995013,0
Matěj Vydra,78.36712365667543,0,NA,NA,-0.00540788233460503,-0.0011652284890995013,0
Kevin Long,78.36712365667543,0,NA,NA,-0.00540788233460503,-0.0011652284890995013,0
Wayne Hennessey,78.36712365667543,0,NA,NA,-0.00540788233460503,-0.0011652284890995013,0
Dale Stephens,78.36712365667543,0,NA,NA,-0.00540788233460503,-0.0011652284890995013,0
Phil Bardsley,78.36712365667543,0,NA,NA,-0.00540788233460503,-0.0011652284890995013,0
Dara Costelloe,78.36712365667543,0,NA,NA,-0.00540788233460503,-0.0011652284890995013,0
Owen Dodgson,78.36712365667543,0,NA,NA,-0.00540788233460503,-0.0011652284890995013,0
Anthony Gomez Mancini,78.36712365667543,0,NA,NA,-0.00540788233460503,-0.0011652284890995013,0
Joseph McGlynn,78.36712365667543,0,NA,NA,-0.00540788233460503,-0.0011652284890995013,0
Will Norris,78.36712365667543,0,NA,NA,-0.00540788233460503,-0.0011652284890995013,0
Lewis Richardson,78.36712365667543,0,NA,NA,-0.00540788233460503,-0.0011652284890995013,0
Bobby Thomas,78.36712365667543,0,NA,NA,-0.00540788233460503,-0.0011652284890995013,0
Sam Waller,78.36712365667543,0,NA,NA,-0.00540788233460503,-0.0011652284890995013,0
Emmanuel Dennis,79.06851529474498,0.264866612595993,74,2581,-0.06496150989874838,0.009080915618192353,0.01324333062979965
Craig Cathcart,75.20813076327708,-1.192930884080863,72,2396,-0.09417812313209795,-0.04731276527575945,-0.05964654420404315
Joshua King,76.58834360396787,-0.6717209352690541,75,2248,-0.05035320328207349,-0.027150192902676507,-0.033586046763452705
Ben Foster,78.02349489488218,-0.12976457258207208,78,2340,-0.006528283432049031,-0.006185062803683694,-0.006488228629103604
Kiko Femenía,75.93471822243032,-0.918549570396648,75,2142,-0.05035320328207349,-0.03669855288861812,-0.0459274785198324
Juraj Kucka,75.7840625090452,-0.9754417064112388,77,1920,-0.021136590048723924,-0.03889937774330199,-0.048772085320561945
Ismaila Sarr,75.59723154639141,-1.0459947063619592,78,1861,-0.006528283432049031,-0.041628661731236916,-0.052299735318097965
Tom Cleverley,73.63334094117657,-1.7876189628814938,74,1616,-0.06496150989874838,-0.07031777785382243,-0.08938094814407468
Samir Santos,75.61042837667219,-1.041011185681425,73,1673,-0.07956981651542328,-0.041435878388127234,-0.05205055928407125
Hassane Kamara,73.67262521757404,-1.772784036639259,77,1623,-0.021136590048723924,-0.06974390109899398,-0.08863920183196296
Imran Louza,74.9441067747433,-1.2926342961139714,75,1416,-0.05035320328207349,-0.05116970865441828,-0.06463171480569857
João Pedro,76.27179501238966,-0.7912592197631718,71,1644,-0.10878642974877284,-0.0317744317875277,-0.03956296098815859
William Troost-Ekong,74.10927480799171,-1.6078919968315533,73,1390,-0.07956981651542328,-0.06336518999812712,-0.08039459984157767
Adam Masina,73.29166324659742,-1.9166467537058447,74,1077,-0.06496150989874838,-0.07530911038031318,-0.09583233768529223
Christian Kabasele,74.45992813668862,-1.475474736165196,75,1193,-0.05035320328207349,-0.05824273865636509,-0.0737737368082598
Daniel Bachmann,78.46265510715904,0.03607555367442983,70,1080,-0.12339473636544773,2.3032423110058708e-4,0.0018037776837214914
Cucho,72.11469686447406,-2.3611047167782027,75,1147,-0.05035320328207349,-0.0925025961678898,-0.11805523583891013
Jeremy Ngakia,69.64005429569914,-3.29560430160539,69,903,-0.1380030429821224,-0.12865293357922947,-0.1647802150802695
Edo Kayembe,78.36712365667543,0,NA,NA,-0.00540788233460503,-0.0011652284890995013,0
Ken Sema,78.36712365667543,0,NA,NA,-0.00540788233460503,-0.0011652284890995013,0
Danny Rose,78.36712365667543,0,NA,NA,-0.00540788233460503,-0.0011652284890995013,0
Francisco Sierralta,78.36712365667543,0,NA,NA,-0.00540788233460503,-0.0011652284890995013,0
Oghenekaro Etebo,78.36712365667543,0,NA,NA,-0.00540788233460503,-0.0011652284890995013,0
Ozan Tufan,78.36712365667543,0,NA,NA,-0.00540788233460503,-0.0011652284890995013,0
Samuel Kalu,78.36712365667543,0,NA,NA,-0.00540788233460503,-0.0011652284890995013,0
Nicolas Nkoulou,78.36712365667543,0,NA,NA,-0.00540788233460503,-0.0011652284890995013,0
Dan Gosling,78.36712365667543,0,NA,NA,-0.00540788233460503,-0.0011652284890995013,0
Ashley Fletcher,78.36712365667543,0,NA,NA,-0.00540788233460503,-0.0011652284890995013,0
Troy Deeney,78.36712365667543,0,NA,NA,-0.00540788233460503,-0.0011652284890995013,0
Vincent Angelini,78.36712365667543,0,NA,NA,-0.00540788233460503,-0.0011652284890995013,0
Kwadwo Baah,78.36712365667543,0,NA,NA,-0.00540788233460503,-0.0011652284890995013,0
Adrian Blake,78.36712365667543,0,NA,NA,-0.00540788233460503,-0.0011652284890995013,0
Kamil Conteh,78.36712365667543,0,NA,NA,-0.00540788233460503,-0.0011652284890995013,0
Tiago Çukur,78.36712365667543,0,NA,NA,-0.00540788233460503,-0.0011652284890995013,0
Rob Elliot,78.36712365667543,0,NA,NA,-0.00540788233460503,-0.0011652284890995013,0
Shaqai Forde,78.36712365667543,0,NA,NA,-0.00540788233460503,-0.0011652284890995013,0
Jack Grieves,78.36712365667543,0,NA,NA,-0.00540788233460503,-0.0011652284890995013,0
James Morris,78.36712365667543,0,NA,NA,-0.00540788233460503,-0.0011652284890995013,0
Teemu Pukki,77.24765916635711,-0.4227435164299906,76,3253,-0.03574489666539882,-0.01751870901014918,-0.02113717582149953
Grant Hanley,79.1228357775865,0.28537966337089404,75,2897,-0.05035320328207349,0.009874445887106953,0.014268983168544701
Max Aarons,76.98047130402422,-0.5236417025242184,75,2881,-0.05035320328207349,-0.021421871227361944,-0.026182085126210917
Kenny McLean,73.80403989615067,-1.7231578950220243,73,2706,-0.07956981651542328,-0.06782415518041485,-0.08615789475110122
Tim Krul,80.16679803785597,0.6796112631610964,77,2610,-0.021136590048723924,0.025124966681360217,0.033980563158054825
Ben Gibson,77.04290318030809,-0.5000655452223827,72,2494,-0.09417812313209795,-0.02050984723595284,-0.025003277261119134
Pierre Lees-Melou,75.75590835504214,-0.9860735631322872,76,2265,-0.03574489666539882,-0.039310662257511675,-0.049303678156614364
Milot Rashica,73.9443797032118,-1.6701613560114337,77,2229,-0.021136590048723924,-0.065774028248341,-0.08350806780057168
Billy Gilmour,77.52131933495073,-0.3194011925075982,72,1855,-0.09417812313209795,-0.013520997358562603,-0.01597005962537991
Mathias Normann,75.85436428545455,-0.948893637734122,76,1645,-0.03574489666539882,-0.0378723878378171,-0.0474446818867061
Josh Sargent,72.50732969336592,-2.2128347321676114,71,1572,-0.10878642974877284,-0.08676689541566507,-0.11064173660838057
Dimitris Giannoulis,75.62243123510353,-1.036478544740724,74,1169,-0.06496150989874838,-0.041260536951885474,-0.0518239272370362
Sam Byram,74.37945827553794,-1.505862579963436,73,1027,-0.07956981651542328,-0.059418267061455365,-0.0752931289981718
Ozan Kabak,76.25021013353296,-0.7994103202835662,76,922,-0.03574489666539882,-0.032089750316150134,-0.03997051601417831
Kieran Dowell,72.9444744382127,-2.047755707130498,71,912,-0.10878642974877284,-0.0803809509470752,-0.1023877853565249
Angus Gunn,78.36712365667543,0,NA,NA,-0.00540788233460503,-0.0011652284890995013,0
Lukas Rupp,78.36712365667543,0,NA,NA,-0.00540788233460503,-0.0011652284890995013,0
Adam Idah,78.36712365667543,0,NA,NA,-0.00540788233460503,-0.0011652284890995013,0
Jakob Sørensen,78.36712365667543,0,NA,NA,-0.00540788233460503,-0.0011652284890995013,0
Przemysław Płacheta,78.36712365667543,0,NA,NA,-0.00540788233460503,-0.0011652284890995013,0
Todd Cantwell,78.36712365667543,0,NA,NA,-0.00540788233460503,-0.0011652284890995013,0
Andrew Omobamidele,78.36712365667543,0,NA,NA,-0.00540788233460503,-0.0011652284890995013,0
Christos Tzolis,78.36712365667543,0,NA,NA,-0.00540788233460503,-0.0011652284890995013,0
Christoph Zimmermann,78.36712365667543,0,NA,NA,-0.00540788233460503,-0.0011652284890995013,0
Tony Springett,78.36712365667543,0,NA,NA,-0.00540788233460503,-0.0011652284890995013,0
Jon Rowe,78.36712365667543,0,NA,NA,-0.00540788233460503,-0.0011652284890995013,0
Bali Mumba,78.36712365667543,0,NA,NA,-0.00540788233460503,-0.0011652284890995013,0
Thomas Dickson-Peters,78.36712365667543,0,NA,NA,-0.00540788233460503,-0.0011652284890995013,0
Liam Gibbs,78.36712365667543,0,NA,NA,-0.00540788233460503,-0.0011652284890995013,0
Abu Kamara,78.36712365667543,0,NA,NA,-0.00540788233460503,-0.0011652284890995013,0
Jon McCracken,78.36712365667543,0,NA,NA,-0.00540788233460503,-0.0011652284890995013,0
Michael McGovern,78.36712365667543,0,NA,NA,-0.00540788233460503,-0.0011652284890995013,0
Jonathan Tomkinson,78.36712365667543,0,NA,NA,-0.00540788233460503,-0.0011652284890995013,0
